"path","bytes","sha256"
".dockerignore","68","8bdf27f3d0cb56adbbac5bbfda386f17bd9a6f344752d7108124fd9d57d925b9"
".github/workflows/quality.yml","943","79dbae984a113aad2bd87a09dbcd6ddd2e2cb1779b42c69e77372d93c935e4c0"
".gitignore","133","cc72e5e5c2ed1ad62ddd3dbb41569dee2e12b899da1f676bfd14dc36c2ca8405"
".storybook/main.js","150","282057e35abfc94f95666604270e800846c5457274a2a8abb9e5e8fbed669dab"
".storybook/preview.js","240","ee498f7d65f78c6ccee89b0ea539f950c60a4bf198ad5da613ba8b33b9c5ffea"
"archives/extracted/PF1_Humanati_Master_Package_v1/PF1_Humanati_Master_Package_v1/Docs/manifest.json","3144","f6a54aa76735d6524e3beea9eef20fb0e15cfa92a9d9723b657d700b0cbed5e2"
"archives/extracted/PF1_Humanati_Master_Package_v1/PF1_Humanati_Master_Package_v1/Docs/README.txt","859","05b7ef32a6daa2e759e7b9b0ea6c90305eac9b409939a50ad8a5be85de69a922"
"archives/extracted/PF1_Humanati_Master_Package_v1/PF1_Humanati_Master_Package_v1/Favicon/humanati_favicon.ico","7872","cfd1cfce9cd06efd4b8daf3141dcff563d938ed63c8ee279c12803ab458204e3"
"archives/extracted/PF1_Humanati_Master_Package_v1/PF1_Humanati_Master_Package_v1/Favicon/humanati_icon_128x128.png","1653","3f1e58e732000bca14f841165d67710516df62f8c6ffab3b767a2756efd436e0"
"archives/extracted/PF1_Humanati_Master_Package_v1/PF1_Humanati_Master_Package_v1/Favicon/humanati_icon_16x16.png","420","4d6db585ea01fa938721e27546fce9d181c3821af266275346c6971f75151da9"
"archives/extracted/PF1_Humanati_Master_Package_v1/PF1_Humanati_Master_Package_v1/Favicon/humanati_icon_180x180.png","2172","30aeae1587ffb97b79b07096c494b31d483313f6c40c7e543ec2530d01ecd994"
"archives/extracted/PF1_Humanati_Master_Package_v1/PF1_Humanati_Master_Package_v1/Favicon/humanati_icon_192x192.png","2254","5b00d39b594f9d95e71c99039bf8dcef62b1f412f5feaccadf118685dfd04762"
"archives/extracted/PF1_Humanati_Master_Package_v1/PF1_Humanati_Master_Package_v1/Favicon/humanati_icon_32x32.png","726","34f00c0442ce5c3f8d57135fea55444beeed284d5f0a5fc580b473412e5d64d7"
"archives/extracted/PF1_Humanati_Master_Package_v1/PF1_Humanati_Master_Package_v1/Favicon/humanati_icon_48x48.png","899","4cee9b4ce37ca3554e2cfa4864d31a614977dd51fdc2c69a845d15a00c22dae0"
"archives/extracted/PF1_Humanati_Master_Package_v1/PF1_Humanati_Master_Package_v1/Favicon/humanati_icon_512x512.png","4144","301f7932a4f0e1195afb21357f83c134f0050b817cdeaa07267ddb4543c74ee8"
"archives/extracted/PF1_Humanati_Master_Package_v1/PF1_Humanati_Master_Package_v1/Favicon/humanati_icon_64x64.png","1030","b6163bc0c81c73d98b062c64d21bca69ac9c73b3ab334689a8668de97f287413"
"archives/extracted/PF1_Humanati_Master_Package_v1/PF1_Humanati_Master_Package_v1/PDF/humanati_horizontal_humanati_blue.pdf","5093","b73dc592d982c49500cd9e03ba735f5eb4ffe4e8c0f2f8a2ee4f5c47310b8139"
"archives/extracted/PF1_Humanati_Master_Package_v1/PF1_Humanati_Master_Package_v1/PDF/humanati_horizontal_monochrome_dark.pdf","5105","71b3e14695705480c978fccd4748ef0d66bb6b708e541ee4c9c7ac3142e48118"
"archives/extracted/PF1_Humanati_Master_Package_v1/PF1_Humanati_Master_Package_v1/PDF/humanati_horizontal_negative_white.pdf","5090","46f319572f2060ee5f36011d00e0e31a1be86f557c47ed5f2d90a2552e3fe96e"
"archives/extracted/PF1_Humanati_Master_Package_v1/PF1_Humanati_Master_Package_v1/PDF/humanati_horizontal_original_black.pdf","5088","bb396efaa39ee1e102fc0bd2a678167b73cd7045e7708ea291c5cdf41f7925f2"
"archives/extracted/PF1_Humanati_Master_Package_v1/PF1_Humanati_Master_Package_v1/PDF/humanati_symbol_humanati_blue.pdf","1345","82ddf70ab7940d6c274c52799f2d06b83729e2b8ec8878939b4e19b7558e09b1"
"archives/extracted/PF1_Humanati_Master_Package_v1/PF1_Humanati_Master_Package_v1/PDF/humanati_symbol_monochrome_dark.pdf","1356","326914b01f3c4b4829ba8aeecbc9b508b3b6e91ffa6ee543138183a6409b8ab1"
"archives/extracted/PF1_Humanati_Master_Package_v1/PF1_Humanati_Master_Package_v1/PDF/humanati_symbol_negative_white.pdf","1342","041085840c38bd56445ba66115aae166e05e546793d1d1391288763d9564a740"
"archives/extracted/PF1_Humanati_Master_Package_v1/PF1_Humanati_Master_Package_v1/PDF/humanati_symbol_original_black.pdf","1343","af7c012d6e0ee4114d02f0a9ff914e0a922869277ef211cc2cc6a2989adaf138"
"archives/extracted/PF1_Humanati_Master_Package_v1/PF1_Humanati_Master_Package_v1/PNG/Horizontal/humanati_horizontal_humanati_blue_1024px.png","28084","eb7f9c4fc4fea797c67597f93e5ecd2cc82fef728db41e0a3bd2098c2b11e61f"
"archives/extracted/PF1_Humanati_Master_Package_v1/PF1_Humanati_Master_Package_v1/PNG/Horizontal/humanati_horizontal_humanati_blue_2048px.png","64207","68faef4e29ee3b4a1a03326bebc350528b6e733cda2b29ad61715561ef271a3e"
"archives/extracted/PF1_Humanati_Master_Package_v1/PF1_Humanati_Master_Package_v1/PNG/Horizontal/humanati_horizontal_humanati_blue_4096px.png","161922","faa28a8db3821b19706584c35be4ea364f2b28669a56dc88cfbae42911392ceb"
"archives/extracted/PF1_Humanati_Master_Package_v1/PF1_Humanati_Master_Package_v1/PNG/Horizontal/humanati_horizontal_monochrome_dark_1024px.png","31917","8a23faf878d030e611cb4771db17a0bad668abac3780a30c31c4d6153c492628"
"archives/extracted/PF1_Humanati_Master_Package_v1/PF1_Humanati_Master_Package_v1/PNG/Horizontal/humanati_horizontal_monochrome_dark_2048px.png","71827","8fcd4f7b024ee254a58cb35e3180d0978f24b817ef53e1713664d2aaa626cb6d"
"archives/extracted/PF1_Humanati_Master_Package_v1/PF1_Humanati_Master_Package_v1/PNG/Horizontal/humanati_horizontal_monochrome_dark_4096px.png","177189","9e9326f09a9fefc471cd0d7c04ed168cd588f5ae4615f078d7667fc374774dc4"
"archives/extracted/PF1_Humanati_Master_Package_v1/PF1_Humanati_Master_Package_v1/PNG/Horizontal/humanati_horizontal_negative_white_1024px.png","25311","9366403ece73ae4b6f5bb7426331af250ffbbbaf43bf0f7ff45fff7b6fd0f858"
"archives/extracted/PF1_Humanati_Master_Package_v1/PF1_Humanati_Master_Package_v1/PNG/Horizontal/humanati_horizontal_negative_white_2048px.png","58744","5cb87037700674b7483db3e70c4b696b99ef27cb3fe9f529313df5b6d0daf119"
"archives/extracted/PF1_Humanati_Master_Package_v1/PF1_Humanati_Master_Package_v1/PNG/Horizontal/humanati_horizontal_negative_white_4096px.png","151592","9d0dc8cd5e060c8e3d0fce35a38b3f12c1fcfa8c6ca089052c8dec100c649ebe"
"archives/extracted/PF1_Humanati_Master_Package_v1/PF1_Humanati_Master_Package_v1/PNG/Horizontal/humanati_horizontal_original_black_1024px.png","23629","f9b04c799775a0e607903989c9837a6811ed7be3564d9b199af34d8c445977f8"
"archives/extracted/PF1_Humanati_Master_Package_v1/PF1_Humanati_Master_Package_v1/PNG/Horizontal/humanati_horizontal_original_black_2048px.png","55570","835a5cc8ffb0244adb15657804e629d4d92c6eb46eb7fac3eec1c15079d61dea"
"archives/extracted/PF1_Humanati_Master_Package_v1/PF1_Humanati_Master_Package_v1/PNG/Horizontal/humanati_horizontal_original_black_4096px.png","144822","58a44693992fd1e39840bf481f2ead08fcf92431e057dedcc4154e21ebc0a07c"
"archives/extracted/PF1_Humanati_Master_Package_v1/PF1_Humanati_Master_Package_v1/PNG/Symbol/humanati_symbol_humanati_blue_1024px.png","10183","e0368baf334059b39dcc0214936936b1d6f12370ad930356e13acd6282daa5fe"
"archives/extracted/PF1_Humanati_Master_Package_v1/PF1_Humanati_Master_Package_v1/PNG/Symbol/humanati_symbol_humanati_blue_2048px.png","28143","854b7d0abb0c9be76d376d9b8fa9d9302c0810140c81a7acc909ca7326f966fc"
"archives/extracted/PF1_Humanati_Master_Package_v1/PF1_Humanati_Master_Package_v1/PNG/Symbol/humanati_symbol_humanati_blue_256px.png","2056","5898042b07cfd67eb0045a1599eb3d50d5597a746ae2060a76e0a0996857386a"
"archives/extracted/PF1_Humanati_Master_Package_v1/PF1_Humanati_Master_Package_v1/PNG/Symbol/humanati_symbol_humanati_blue_512px.png","4161","8ba528902b7fe055fe02616564bdfe223077762309b1a81d7537fff2426a7dad"
"archives/extracted/PF1_Humanati_Master_Package_v1/PF1_Humanati_Master_Package_v1/PNG/Symbol/humanati_symbol_monochrome_dark_1024px.png","10714","44ee48ac2c0cb5e5dc0569e68776bb646b73457dfbe7b440dfa31ea3182a5f54"
"archives/extracted/PF1_Humanati_Master_Package_v1/PF1_Humanati_Master_Package_v1/PNG/Symbol/humanati_symbol_monochrome_dark_2048px.png","29186","e9ee0008089f42f276d13108ff2ef00e286c39ed368b2813473c034934230b27"
"archives/extracted/PF1_Humanati_Master_Package_v1/PF1_Humanati_Master_Package_v1/PNG/Symbol/humanati_symbol_monochrome_dark_256px.png","2166","5bbcecae002c6d1fd73a632b697f3e659f7abb91c97027211753e824326c76c6"
"archives/extracted/PF1_Humanati_Master_Package_v1/PF1_Humanati_Master_Package_v1/PNG/Symbol/humanati_symbol_monochrome_dark_512px.png","4412","092a8a17f54342c4c7536b3824a9324280971ce50c3d3feb152515990a84f9f3"
"archives/extracted/PF1_Humanati_Master_Package_v1/PF1_Humanati_Master_Package_v1/PNG/Symbol/humanati_symbol_negative_white_1024px.png","9714","6f8a355393772a3ac0930da558ee85e991f733a5c580fe988df215844d8b6b82"
"archives/extracted/PF1_Humanati_Master_Package_v1/PF1_Humanati_Master_Package_v1/PNG/Symbol/humanati_symbol_negative_white_2048px.png","27105","c3b372f7c8155d4c5885ab80fbc936571732ba7f14339cdfd6508bc2cb028fe1"
"archives/extracted/PF1_Humanati_Master_Package_v1/PF1_Humanati_Master_Package_v1/PNG/Symbol/humanati_symbol_negative_white_256px.png","1857","83f77ebff6a5a0f18b1a11337bc1405c166eaacdcf35de51417ad61a84f8cb8a"
"archives/extracted/PF1_Humanati_Master_Package_v1/PF1_Humanati_Master_Package_v1/PNG/Symbol/humanati_symbol_negative_white_512px.png","3893","7c8f5d22ebad71e55a9686f04fbd4967758b48e60f889387fd325957d6e0964c"
"archives/extracted/PF1_Humanati_Master_Package_v1/PF1_Humanati_Master_Package_v1/PNG/Symbol/humanati_symbol_original_black_1024px.png","9567","cc0db620eee7eadcfbd9a98773dfb59da70b8f7e11da93b514f2b4f753442114"
"archives/extracted/PF1_Humanati_Master_Package_v1/PF1_Humanati_Master_Package_v1/PNG/Symbol/humanati_symbol_original_black_2048px.png","26860","45851f8d0f15d3915563dab062e5cd9c40af530c81afaf15f673e8aaed78b0f3"
"archives/extracted/PF1_Humanati_Master_Package_v1/PF1_Humanati_Master_Package_v1/PNG/Symbol/humanati_symbol_original_black_256px.png","1792","9d62b508f2fec0bd8f1f91a116380eb575325e11d00438e49d498e2fb729232b"
"archives/extracted/PF1_Humanati_Master_Package_v1/PF1_Humanati_Master_Package_v1/PNG/Symbol/humanati_symbol_original_black_512px.png","3810","7d0307220602e44d69c4c7cb1686cb7f9dbf8dea929a4ef569caa70375857094"
"archives/extracted/PF1_Humanati_Master_Package_v1/PF1_Humanati_Master_Package_v1/SVG/Horizontal/humanati_horizontal_humanati_blue.svg","6795","676235b7ffdee5f530dd0391a9452c31357a1d5d4d288055baea750ee32e8177"
"archives/extracted/PF1_Humanati_Master_Package_v1/PF1_Humanati_Master_Package_v1/SVG/Horizontal/humanati_horizontal_monochrome_dark.svg","6795","4425b138439ea64da565e72853cc938b99dc85a95715268c7ba3ef5eea45a2d1"
"archives/extracted/PF1_Humanati_Master_Package_v1/PF1_Humanati_Master_Package_v1/SVG/Horizontal/humanati_horizontal_negative_white.svg","6795","bf3f5a1a6f599ca72c39638cbcbad9760ed72d08bd764998a68a81d5f2fb2f25"
"archives/extracted/PF1_Humanati_Master_Package_v1/PF1_Humanati_Master_Package_v1/SVG/Horizontal/humanati_horizontal_original_black.svg","6795","cd9e55c9bc1676525a5a1a0d67cbebd7c115c02f7d080525b322bad60ba07c2c"
"archives/extracted/PF1_Humanati_Master_Package_v1/PF1_Humanati_Master_Package_v1/SVG/Symbol/humanati_symbol_humanati_blue.svg","691","7057010978ee105803d031ad60720ff899304e0d5f7685e655406e98a8256e9c"
"archives/extracted/PF1_Humanati_Master_Package_v1/PF1_Humanati_Master_Package_v1/SVG/Symbol/humanati_symbol_monochrome_dark.svg","691","84f7eb6b8e651dbefe1e5a139ab50dc8bffcca03c2c419004a29edcb0eaaf451"
"archives/extracted/PF1_Humanati_Master_Package_v1/PF1_Humanati_Master_Package_v1/SVG/Symbol/humanati_symbol_negative_white.svg","691","e3522118cd8ca28031de94bf2c37c4a43eee98e0e103438e4e4aea3c09fe912d"
"archives/extracted/PF1_Humanati_Master_Package_v1/PF1_Humanati_Master_Package_v1/SVG/Symbol/humanati_symbol_original_black.svg","691","4c74135a806c5488719d58dfaa44edef1db34c3a948bc63ee3a0ede1e1ca3d4a"
"archives/extracted/PF2_01_Website_Master_Package_Final_v1/PF2_01_Website_Master_Package_Final_v1/assets/brand/humanati-official.svg","6795","cd9e55c9bc1676525a5a1a0d67cbebd7c115c02f7d080525b322bad60ba07c2c"
"archives/extracted/PF2_01_Website_Master_Package_Final_v1/PF2_01_Website_Master_Package_Final_v1/CHANGELOG.md","207","d64d3ee9d40290da9b84ece5d86225e5f84858fa56fbecf2b4fd0bef2b16f13d"
"archives/extracted/PF2_01_Website_Master_Package_Final_v1/PF2_01_Website_Master_Package_Final_v1/components/cta.html","231","068cd789ae99fa7e560b33933981c68bb1f5c2f9a655f27ba565df0cba6ede24"
"archives/extracted/PF2_01_Website_Master_Package_Final_v1/PF2_01_Website_Master_Package_Final_v1/components/feature-card.html","158","2f5abe571597d8e054192cf2ec0f5fa0373c51ebcd2bd0ce9bb1b759a70a19aa"
"archives/extracted/PF2_01_Website_Master_Package_Final_v1/PF2_01_Website_Master_Package_Final_v1/components/footer.html","179","4418fd4a2864672bb6c4668c6944e6488db5e2940f492c5e697fc943ec0c2a0f"
"archives/extracted/PF2_01_Website_Master_Package_Final_v1/PF2_01_Website_Master_Package_Final_v1/components/header.html","419","b0b7e0bd93fadf791c5ebfbf3ec77f1c65c3dc69faeb91067c4e69089220d559"
"archives/extracted/PF2_01_Website_Master_Package_Final_v1/PF2_01_Website_Master_Package_Final_v1/components/hero.html","416","1c8dc14a5b568dfdc298cf5e13448d297634357faa3a46d980c320d668924d7d"
"archives/extracted/PF2_01_Website_Master_Package_Final_v1/PF2_01_Website_Master_Package_Final_v1/components/kpi-card.html","98","0e5dd4c8e31dd38f7356e81f811e507f3c874765c16092457b4a612cca6cb7c7"
"archives/extracted/PF2_01_Website_Master_Package_Final_v1/PF2_01_Website_Master_Package_Final_v1/design-tokens/tokens.css","348","6b810853a256e478c093aab11e7602ef31194880633dba71ecb8efdfc33a8093"
"archives/extracted/PF2_01_Website_Master_Package_Final_v1/PF2_01_Website_Master_Package_Final_v1/design-tokens/tokens.json","748","c661abc525549d271ad09c58bef5dd5490f5ae2bc239e7381c96729491b4d0df"
"archives/extracted/PF2_01_Website_Master_Package_Final_v1/PF2_01_Website_Master_Package_Final_v1/docs/implementation-notes.md","279","2078c205fd7cde60e695de93aedaf75f713dee843164c4e040cdd433596fdd8f"
"archives/extracted/PF2_01_Website_Master_Package_Final_v1/PF2_01_Website_Master_Package_Final_v1/docs/inventory.csv","825","09e22b8c74a286918b5ae981dda874427e37909b717b28c156a0221af6239141"
"archives/extracted/PF2_01_Website_Master_Package_Final_v1/PF2_01_Website_Master_Package_Final_v1/docs/manifest.json","2254","0e94d2462a51aa45b2720a679892584966ff9831779b7a4d6d7b3f58fd41bce9"
"archives/extracted/PF2_01_Website_Master_Package_Final_v1/PF2_01_Website_Master_Package_Final_v1/legacy-lots/Lote001/Manifesto.docx","36613","aed49b7797aade209a1ebea64962793a267555538191cb8639576c39e38f3b68"
"archives/extracted/PF2_01_Website_Master_Package_Final_v1/PF2_01_Website_Master_Package_Final_v1/legacy-lots/Lote001/README.md","44","648cbac097606f5452726017e1ce0782dc4b0333e7ff3e20b4e94312a4e78276"
"archives/extracted/PF2_01_Website_Master_Package_Final_v1/PF2_01_Website_Master_Package_Final_v1/legacy-lots/Lote001/website/home/app.js","24","14ffaf3970a8211482b517bea37bc57c646814eeeabe1b6c4778a867e21126bf"
"archives/extracted/PF2_01_Website_Master_Package_Final_v1/PF2_01_Website_Master_Package_Final_v1/legacy-lots/Lote001/website/home/assets/logo-humanati.svg","101","03912e9247d770c435e77e1b544abd11975e479be9e7ea5fe700d813d5af2b02"
"archives/extracted/PF2_01_Website_Master_Package_Final_v1/PF2_01_Website_Master_Package_Final_v1/legacy-lots/Lote001/website/home/index.html","142","9e56bd1de7310651c9bb1c1154fd1c0f1c21fe3f7dc9c36b0c6f0ef8c0102590"
"archives/extracted/PF2_01_Website_Master_Package_Final_v1/PF2_01_Website_Master_Package_Final_v1/legacy-lots/Lote001/website/home/styles.css","53","a6f7a7312f8800730efcad651d4e62677e9495ceaa50c2e05367977846cc2bc8"
"archives/extracted/PF2_01_Website_Master_Package_Final_v1/PF2_01_Website_Master_Package_Final_v1/legacy-lots/Lote002/Manifesto.docx","36654","9f515fcfd52ea8d0d0d598a74b4ec1f0dc5f7476b48b9ef701a22b32d7eaeb6c"
"archives/extracted/PF2_01_Website_Master_Package_Final_v1/PF2_01_Website_Master_Package_Final_v1/legacy-lots/Lote002/website/components/footer.html","55","c07afdb3f08bcafe321cf6df2d476d2639569ead0452a69b8bc3658a247bfec0"
"archives/extracted/PF2_01_Website_Master_Package_Final_v1/PF2_01_Website_Master_Package_Final_v1/legacy-lots/Lote002/website/components/header.html","72","fddf9b856d849a78ffb700faeb066d4f3635d1b93f4a61fce0b4abba7ddbe6b7"
"archives/extracted/PF2_01_Website_Master_Package_Final_v1/PF2_01_Website_Master_Package_Final_v1/legacy-lots/Lote002/website/components/hero.html","82","1317d57500c359187ce1205bff3d832ea66f19c78a61c69d7e44ee0c802de21e"
"archives/extracted/PF2_01_Website_Master_Package_Final_v1/PF2_01_Website_Master_Package_Final_v1/legacy-lots/Lote002/website/layout/components.css","58","f17e66d2846e0e2694fe3764632f717cbbdfb49e08657345a69094df5ba70f78"
"archives/extracted/PF2_01_Website_Master_Package_Final_v1/PF2_01_Website_Master_Package_Final_v1/legacy-lots/Lote002/website/layout/theme.css","50","4febdf5bb4988426d4573b8d6fd0cc83440d330eb34f1a4e93cb90f181127bd7"
"archives/extracted/PF2_01_Website_Master_Package_Final_v1/PF2_01_Website_Master_Package_Final_v1/legacy-lots/Lote003/Manifesto.docx","36666","8877351e5ffd1efc052ff3d38a97dfd5ea6d3f62834dbceaad56e7f263250bd2"
"archives/extracted/PF2_01_Website_Master_Package_Final_v1/PF2_01_Website_Master_Package_Final_v1/legacy-lots/Lote003/website/components/button-primary.html","45","aefcc4981b2357991a4f2e4bc8f1340951820e8df1dbc06a4e539f6e644f5342"
"archives/extracted/PF2_01_Website_Master_Package_Final_v1/PF2_01_Website_Master_Package_Final_v1/legacy-lots/Lote003/website/components/card-feature.html","66","a69d4596a0418ca9678b79881d31f5f55ee463bee2ca07226f124bf942247de4"
"archives/extracted/PF2_01_Website_Master_Package_Final_v1/PF2_01_Website_Master_Package_Final_v1/legacy-lots/Lote003/website/components/navbar.html","66","b2f6dcf7d02d443747c5b8b8ae0d2dfbcd419b7442fc717ee82d30d4478cf789"
"archives/extracted/PF2_01_Website_Master_Package_Final_v1/PF2_01_Website_Master_Package_Final_v1/legacy-lots/Lote003/website/pages/home-sections.md","54","9afab3bcda904582c688191f35b32901bfd973fcfeb7ba92d2b34d7da5ceb604"
"archives/extracted/PF2_01_Website_Master_Package_Final_v1/PF2_01_Website_Master_Package_Final_v1/legacy-lots/Lote003/website/pages/routes.json","39","ead60f4e6ecec509d47109ac84cd9a40e88c02767f447b54aa78cc05353f9d9a"
"archives/extracted/PF2_01_Website_Master_Package_Final_v1/PF2_01_Website_Master_Package_Final_v1/legacy-lots/Lote004/Manifesto.docx","36664","9255f8767f58cddd0016e07cdc311bcdb260f09185926e139890072fe050a145"
"archives/extracted/PF2_01_Website_Master_Package_Final_v1/PF2_01_Website_Master_Package_Final_v1/legacy-lots/Lote004/website/components/breadcrumb.html","47","a78cff3be46bf44dbb42bf82080e3b08bfb5336be1bc0b0152df546f31a2ec00"
"archives/extracted/PF2_01_Website_Master_Package_Final_v1/PF2_01_Website_Master_Package_Final_v1/legacy-lots/Lote004/website/components/sidebar.html","93","158f692289cf00d0d6960973ef4b032c007fc1c7b417e10b80cc51012907f72f"
"archives/extracted/PF2_01_Website_Master_Package_Final_v1/PF2_01_Website_Master_Package_Final_v1/legacy-lots/Lote004/website/components/stat-card.html","62","9b266a589c13c2c4e9a931e61ab7fe4facf4cf241f33d7847608e91b00b4088d"
"archives/extracted/PF2_01_Website_Master_Package_Final_v1/PF2_01_Website_Master_Package_Final_v1/legacy-lots/Lote004/website/components/topbar.html","63","a8b182375a82023d1032f18965a56ef32a15f79f98c01f723f506e8b061ed75b"
"archives/extracted/PF2_01_Website_Master_Package_Final_v1/PF2_01_Website_Master_Package_Final_v1/legacy-lots/Lote004/website/pages/dashboard.html","67","5471190468154f715934cb2d28c6c335953425f59040f9c255d4c0ad373d880e"
"archives/extracted/PF2_01_Website_Master_Package_Final_v1/PF2_01_Website_Master_Package_Final_v1/legacy-lots/Lote004/website/styles/dashboard.css","84","6ac68c6e00a098832822daf98a7ef84a253507de5105f76b5cc6cc26c8326b8e"
"archives/extracted/PF2_01_Website_Master_Package_Final_v1/PF2_01_Website_Master_Package_Final_v1/legacy-lots/Lote005/Manifesto.docx","36646","e95b17a33288225e476fd0727f38ad7260cd19c6b302c8da45ca9d756fc9e351"
"archives/extracted/PF2_01_Website_Master_Package_Final_v1/PF2_01_Website_Master_Package_Final_v1/legacy-lots/Lote005/website/components/modal.html","63","945c2e97a49f2e6c88938792a1263763bc889b22562fbe959b7169bbca457569"
"archives/extracted/PF2_01_Website_Master_Package_Final_v1/PF2_01_Website_Master_Package_Final_v1/legacy-lots/Lote005/website/components/pagination.html","80","3929575376ed374d117387d322d40400d84096a60961fdc22aa9dca2d128e0e3"
"archives/extracted/PF2_01_Website_Master_Package_Final_v1/PF2_01_Website_Master_Package_Final_v1/legacy-lots/Lote005/website/components/table.html","69","ebd4f3b699c73401bce72c6b284c87d210e18aff8493e6fab9324db3d2183b7d"
"archives/extracted/PF2_01_Website_Master_Package_Final_v1/PF2_01_Website_Master_Package_Final_v1/legacy-lots/Lote005/website/components/toast.html","38","b07d2b06333641838baca85e281203dfca7112c3cc8224892b8fb5ccfd51ceff"
"archives/extracted/PF2_01_Website_Master_Package_Final_v1/PF2_01_Website_Master_Package_Final_v1/legacy-lots/Lote005/website/pages/components.md","54","a1c8ffe836cbb0f348cd2ef0986a656b5eaebeec821d44400b3b46ead5e97028"
"archives/extracted/PF2_01_Website_Master_Package_Final_v1/PF2_01_Website_Master_Package_Final_v1/legacy-lots/Lote005/website/styles/components-extra.css","79","3b85151c0962075ae47b5382d1ec00406e282442b0e19d8057161a88538fe20b"
"archives/extracted/PF2_01_Website_Master_Package_Final_v1/PF2_01_Website_Master_Package_Final_v1/legacy-lots/Lote006/Manifesto.docx","36658","9bb3db49d792ae550ec71de6658206ee307a5bc981b0acaaffd4115237b75f3b"
"archives/extracted/PF2_01_Website_Master_Package_Final_v1/PF2_01_Website_Master_Package_Final_v1/legacy-lots/Lote006/website/components/alert.html","38","b2fda1e4ff14afde770da995e04567fff0871ebe9d9eee09b68cc08218291ee6"
"archives/extracted/PF2_01_Website_Master_Package_Final_v1/PF2_01_Website_Master_Package_Final_v1/legacy-lots/Lote006/website/components/form-contact.html","60","7e2dccdc6bfd8fb5979874fe58c0f7bf6795a68aa0a91ceffbc57c4562432b6f"
"archives/extracted/PF2_01_Website_Master_Package_Final_v1/PF2_01_Website_Master_Package_Final_v1/legacy-lots/Lote006/website/components/form-login.html","79","762323dc84a2005c3334dd00e79e347e38d5df47d1f3c5e86534e98f131fda6c"
"archives/extracted/PF2_01_Website_Master_Package_Final_v1/PF2_01_Website_Master_Package_Final_v1/legacy-lots/Lote006/website/components/spinner.html","27","90408454f7438f9ccf4f6f03e45db2d50def24ff5c4f377eb79b3ca68d4740d5"
"archives/extracted/PF2_01_Website_Master_Package_Final_v1/PF2_01_Website_Master_Package_Final_v1/legacy-lots/Lote006/website/pages/login.html","55","2c855a7b5c32171a376baf6c91500522ebffc12d0e395dc850f6e38379d47aea"
"archives/extracted/PF2_01_Website_Master_Package_Final_v1/PF2_01_Website_Master_Package_Final_v1/legacy-lots/Lote006/website/styles/forms.css","72","3493ccf79e8e2f328c00639d6302c5319fa8eda62d6b2d6dcc9d1feef20b7433"
"archives/extracted/PF2_01_Website_Master_Package_Final_v1/PF2_01_Website_Master_Package_Final_v1/pages/about.html","1404","cc580a71e790f4f4f93fe5698b3be44ff9986c08b57690a1471540cd69a8b0e9"
"archives/extracted/PF2_01_Website_Master_Package_Final_v1/PF2_01_Website_Master_Package_Final_v1/pages/careers.html","1408","a5c40e413eaebfd82dde079953f53c5e07eb53d328631de737bf59c2626a795e"
"archives/extracted/PF2_01_Website_Master_Package_Final_v1/PF2_01_Website_Master_Package_Final_v1/pages/cases.html","1412","ef3bd16ff94e481ec181ca95fa3f4b67db60281426c52a02c9a6c7e9e41d5de6"
"archives/extracted/PF2_01_Website_Master_Package_Final_v1/PF2_01_Website_Master_Package_Final_v1/pages/contact.html","1412","124525925a8860a2f644aa755ff08957357e65d716d530f04adaf67f833ad97e"
"archives/extracted/PF2_01_Website_Master_Package_Final_v1/PF2_01_Website_Master_Package_Final_v1/pages/dashboard.html","1086","064eddfe81a0efd6fa195f1e1dc644f913454526f56eeda20b254562a230f551"
"archives/extracted/PF2_01_Website_Master_Package_Final_v1/PF2_01_Website_Master_Package_Final_v1/pages/demo.html","1437","f3920ac08d579a57a3c417954847b00ccf610b9f30546da371530c108c0ce3a5"
"archives/extracted/PF2_01_Website_Master_Package_Final_v1/PF2_01_Website_Master_Package_Final_v1/pages/faq.html","1453","e7a4e4f779eec61066cf3c7b9b9ea1cba48800b1c186d98b34caeb715d6af69c"
"archives/extracted/PF2_01_Website_Master_Package_Final_v1/PF2_01_Website_Master_Package_Final_v1/pages/index.html","1642","99658df518e80d98ce57613df7ca6dc464b80f00214ef8b833366e490858ab28"
"archives/extracted/PF2_01_Website_Master_Package_Final_v1/PF2_01_Website_Master_Package_Final_v1/pages/login.html","1386","16b660a6545253f45f4848c4f6d8942a39e374c456c35c35738f6db1de539d48"
"archives/extracted/PF2_01_Website_Master_Package_Final_v1/PF2_01_Website_Master_Package_Final_v1/pages/monihook.html","1595","f18ae56c46275838fe1dfbe7051af02c90204bf96b0eac7891b29107bbbf4e78"
"archives/extracted/PF2_01_Website_Master_Package_Final_v1/PF2_01_Website_Master_Package_Final_v1/pages/platform.html","1609","bb53970ef1a9af8d2ba2a92a0a6e18825c368702bf9d3510f2f202729fc16ce0"
"archives/extracted/PF2_01_Website_Master_Package_Final_v1/PF2_01_Website_Master_Package_Final_v1/pages/pricing.html","1419","6ca8e66cf9f956360e7bbe2f43790b34ec8a7e72c9b2d69bd98cd938ce030863"
"archives/extracted/PF2_01_Website_Master_Package_Final_v1/PF2_01_Website_Master_Package_Final_v1/pages/privacy.html","1332","f43cfa349b92a9f7999a7de98caca7115de8152831144a5d7b90f41521ff42a3"
"archives/extracted/PF2_01_Website_Master_Package_Final_v1/PF2_01_Website_Master_Package_Final_v1/pages/resources.html","1388","162b6f5e97850cbbebef95fc84ccc09af54896f39a3aa99cf73a7b4c17a1d823"
"archives/extracted/PF2_01_Website_Master_Package_Final_v1/PF2_01_Website_Master_Package_Final_v1/pages/vane.html","1601","52bb92251d931bc68029a3a47b054312a9157212f9affda0215f925dca2834a1"
"archives/extracted/PF2_01_Website_Master_Package_Final_v1/PF2_01_Website_Master_Package_Final_v1/pages/wic.html","1431","dd8a9b3beb430f3069a898970a45da0727ee7602b9ea5d5d4fe1de748a59db12"
"archives/extracted/PF2_01_Website_Master_Package_Final_v1/PF2_01_Website_Master_Package_Final_v1/README.md","338","0a7837296877227f4ec7019e73016b882ccc3fce605c4b7f2ac892a9315538c7"
"archives/extracted/PF2_01_Website_Master_Package_Final_v1/PF2_01_Website_Master_Package_Final_v1/scripts/dashboard.js","135","1036a0af84178998f00f7250a3c255555d3933948011f3938c0435ba44ea9756"
"archives/extracted/PF2_01_Website_Master_Package_Final_v1/PF2_01_Website_Master_Package_Final_v1/scripts/main.js","229","71db03adfdfd8eecad49f7efc7b5590a1be4d1f396628c8c3db2d998ba5b9ab4"
"archives/extracted/PF2_01_Website_Master_Package_Final_v1/PF2_01_Website_Master_Package_Final_v1/styles/base.css","2076","47cc21727eb4e62fc03179868c5a7e476c311507d5cac104371a6234a38b3d75"
"archives/extracted/PF2_01_Website_Master_Package_Final_v1/PF2_01_Website_Master_Package_Final_v1/styles/components.css","657","a73620564797f6b2abde3bc92b3aabc65acb2aaeb207ed9652d6dc85677704d4"
"archives/extracted/PF2_01_Website_Master_Package_Final_v1/PF2_01_Website_Master_Package_Final_v1/styles/reset.css","180","89b6f52587b737dbf9514f71ee1ca0b41f304080d141d2c56753c0ba757df62f"
"archives/extracted/PF2_01_Website_Master_Package_Lote001/PF2_01_Website_Master_Package_Lote001/Manifesto.docx","36613","aed49b7797aade209a1ebea64962793a267555538191cb8639576c39e38f3b68"
"archives/extracted/PF2_01_Website_Master_Package_Lote001/PF2_01_Website_Master_Package_Lote001/README.md","44","648cbac097606f5452726017e1ce0782dc4b0333e7ff3e20b4e94312a4e78276"
"archives/extracted/PF2_01_Website_Master_Package_Lote001/PF2_01_Website_Master_Package_Lote001/website/home/app.js","24","14ffaf3970a8211482b517bea37bc57c646814eeeabe1b6c4778a867e21126bf"
"archives/extracted/PF2_01_Website_Master_Package_Lote001/PF2_01_Website_Master_Package_Lote001/website/home/assets/logo-humanati.svg","101","03912e9247d770c435e77e1b544abd11975e479be9e7ea5fe700d813d5af2b02"
"archives/extracted/PF2_01_Website_Master_Package_Lote001/PF2_01_Website_Master_Package_Lote001/website/home/index.html","142","9e56bd1de7310651c9bb1c1154fd1c0f1c21fe3f7dc9c36b0c6f0ef8c0102590"
"archives/extracted/PF2_01_Website_Master_Package_Lote001/PF2_01_Website_Master_Package_Lote001/website/home/styles.css","53","a6f7a7312f8800730efcad651d4e62677e9495ceaa50c2e05367977846cc2bc8"
"archives/extracted/PF2_01_Website_Master_Package_Lote002/PF2_01_Website_Master_Package_Lote002/Manifesto.docx","36654","9f515fcfd52ea8d0d0d598a74b4ec1f0dc5f7476b48b9ef701a22b32d7eaeb6c"
"archives/extracted/PF2_01_Website_Master_Package_Lote002/PF2_01_Website_Master_Package_Lote002/website/components/footer.html","55","c07afdb3f08bcafe321cf6df2d476d2639569ead0452a69b8bc3658a247bfec0"
"archives/extracted/PF2_01_Website_Master_Package_Lote002/PF2_01_Website_Master_Package_Lote002/website/components/header.html","72","fddf9b856d849a78ffb700faeb066d4f3635d1b93f4a61fce0b4abba7ddbe6b7"
"archives/extracted/PF2_01_Website_Master_Package_Lote002/PF2_01_Website_Master_Package_Lote002/website/components/hero.html","82","1317d57500c359187ce1205bff3d832ea66f19c78a61c69d7e44ee0c802de21e"
"archives/extracted/PF2_01_Website_Master_Package_Lote002/PF2_01_Website_Master_Package_Lote002/website/layout/components.css","58","f17e66d2846e0e2694fe3764632f717cbbdfb49e08657345a69094df5ba70f78"
"archives/extracted/PF2_01_Website_Master_Package_Lote002/PF2_01_Website_Master_Package_Lote002/website/layout/theme.css","50","4febdf5bb4988426d4573b8d6fd0cc83440d330eb34f1a4e93cb90f181127bd7"
"archives/extracted/PF2_01_Website_Master_Package_Lote003/PF2_01_Website_Master_Package_Lote003/Manifesto.docx","36666","8877351e5ffd1efc052ff3d38a97dfd5ea6d3f62834dbceaad56e7f263250bd2"
"archives/extracted/PF2_01_Website_Master_Package_Lote003/PF2_01_Website_Master_Package_Lote003/website/components/button-primary.html","45","aefcc4981b2357991a4f2e4bc8f1340951820e8df1dbc06a4e539f6e644f5342"
"archives/extracted/PF2_01_Website_Master_Package_Lote003/PF2_01_Website_Master_Package_Lote003/website/components/card-feature.html","66","a69d4596a0418ca9678b79881d31f5f55ee463bee2ca07226f124bf942247de4"
"archives/extracted/PF2_01_Website_Master_Package_Lote003/PF2_01_Website_Master_Package_Lote003/website/components/navbar.html","66","b2f6dcf7d02d443747c5b8b8ae0d2dfbcd419b7442fc717ee82d30d4478cf789"
"archives/extracted/PF2_01_Website_Master_Package_Lote003/PF2_01_Website_Master_Package_Lote003/website/pages/home-sections.md","54","9afab3bcda904582c688191f35b32901bfd973fcfeb7ba92d2b34d7da5ceb604"
"archives/extracted/PF2_01_Website_Master_Package_Lote003/PF2_01_Website_Master_Package_Lote003/website/pages/routes.json","39","ead60f4e6ecec509d47109ac84cd9a40e88c02767f447b54aa78cc05353f9d9a"
"archives/extracted/PF2_01_Website_Master_Package_Lote004/PF2_01_Website_Master_Package_Lote004/Manifesto.docx","36664","9255f8767f58cddd0016e07cdc311bcdb260f09185926e139890072fe050a145"
"archives/extracted/PF2_01_Website_Master_Package_Lote004/PF2_01_Website_Master_Package_Lote004/website/components/breadcrumb.html","47","a78cff3be46bf44dbb42bf82080e3b08bfb5336be1bc0b0152df546f31a2ec00"
"archives/extracted/PF2_01_Website_Master_Package_Lote004/PF2_01_Website_Master_Package_Lote004/website/components/sidebar.html","93","158f692289cf00d0d6960973ef4b032c007fc1c7b417e10b80cc51012907f72f"
"archives/extracted/PF2_01_Website_Master_Package_Lote004/PF2_01_Website_Master_Package_Lote004/website/components/stat-card.html","62","9b266a589c13c2c4e9a931e61ab7fe4facf4cf241f33d7847608e91b00b4088d"
"archives/extracted/PF2_01_Website_Master_Package_Lote004/PF2_01_Website_Master_Package_Lote004/website/components/topbar.html","63","a8b182375a82023d1032f18965a56ef32a15f79f98c01f723f506e8b061ed75b"
"archives/extracted/PF2_01_Website_Master_Package_Lote004/PF2_01_Website_Master_Package_Lote004/website/pages/dashboard.html","67","5471190468154f715934cb2d28c6c335953425f59040f9c255d4c0ad373d880e"
"archives/extracted/PF2_01_Website_Master_Package_Lote004/PF2_01_Website_Master_Package_Lote004/website/styles/dashboard.css","84","6ac68c6e00a098832822daf98a7ef84a253507de5105f76b5cc6cc26c8326b8e"
"archives/extracted/PF2_01_Website_Master_Package_Lote005/PF2_01_Website_Master_Package_Lote005/Manifesto.docx","36646","e95b17a33288225e476fd0727f38ad7260cd19c6b302c8da45ca9d756fc9e351"
"archives/extracted/PF2_01_Website_Master_Package_Lote005/PF2_01_Website_Master_Package_Lote005/website/components/modal.html","63","945c2e97a49f2e6c88938792a1263763bc889b22562fbe959b7169bbca457569"
"archives/extracted/PF2_01_Website_Master_Package_Lote005/PF2_01_Website_Master_Package_Lote005/website/components/pagination.html","80","3929575376ed374d117387d322d40400d84096a60961fdc22aa9dca2d128e0e3"
"archives/extracted/PF2_01_Website_Master_Package_Lote005/PF2_01_Website_Master_Package_Lote005/website/components/table.html","69","ebd4f3b699c73401bce72c6b284c87d210e18aff8493e6fab9324db3d2183b7d"
"archives/extracted/PF2_01_Website_Master_Package_Lote005/PF2_01_Website_Master_Package_Lote005/website/components/toast.html","38","b07d2b06333641838baca85e281203dfca7112c3cc8224892b8fb5ccfd51ceff"
"archives/extracted/PF2_01_Website_Master_Package_Lote005/PF2_01_Website_Master_Package_Lote005/website/pages/components.md","54","a1c8ffe836cbb0f348cd2ef0986a656b5eaebeec821d44400b3b46ead5e97028"
"archives/extracted/PF2_01_Website_Master_Package_Lote005/PF2_01_Website_Master_Package_Lote005/website/styles/components-extra.css","79","3b85151c0962075ae47b5382d1ec00406e282442b0e19d8057161a88538fe20b"
"archives/extracted/PF2_01_Website_Master_Package_Lote006/PF2_01_Website_Master_Package_Lote006/Manifesto.docx","36658","9bb3db49d792ae550ec71de6658206ee307a5bc981b0acaaffd4115237b75f3b"
"archives/extracted/PF2_01_Website_Master_Package_Lote006/PF2_01_Website_Master_Package_Lote006/website/components/alert.html","38","b2fda1e4ff14afde770da995e04567fff0871ebe9d9eee09b68cc08218291ee6"
"archives/extracted/PF2_01_Website_Master_Package_Lote006/PF2_01_Website_Master_Package_Lote006/website/components/form-contact.html","60","7e2dccdc6bfd8fb5979874fe58c0f7bf6795a68aa0a91ceffbc57c4562432b6f"
"archives/extracted/PF2_01_Website_Master_Package_Lote006/PF2_01_Website_Master_Package_Lote006/website/components/form-login.html","79","762323dc84a2005c3334dd00e79e347e38d5df47d1f3c5e86534e98f131fda6c"
"archives/extracted/PF2_01_Website_Master_Package_Lote006/PF2_01_Website_Master_Package_Lote006/website/components/spinner.html","27","90408454f7438f9ccf4f6f03e45db2d50def24ff5c4f377eb79b3ca68d4740d5"
"archives/extracted/PF2_01_Website_Master_Package_Lote006/PF2_01_Website_Master_Package_Lote006/website/pages/login.html","55","2c855a7b5c32171a376baf6c91500522ebffc12d0e395dc850f6e38379d47aea"
"archives/extracted/PF2_01_Website_Master_Package_Lote006/PF2_01_Website_Master_Package_Lote006/website/styles/forms.css","72","3493ccf79e8e2f328c00639d6302c5319fa8eda62d6b2d6dcc9d1feef20b7433"
"archives/extracted/PF3_Design_System_Master_Lote001/PF3_Design_System_Master_Lote001/components/button.css","85","5534bf6912b823dd3f8a7d8adc675cef1ddd47bf71bba5dfbfd57a65205790e9"
"archives/extracted/PF3_Design_System_Master_Lote001/PF3_Design_System_Master_Lote001/components/card.css","63","1855aebf5e07c9b0887b3f96819298757c2ec7dbe3328a1114391610c30a623e"
"archives/extracted/PF3_Design_System_Master_Lote001/PF3_Design_System_Master_Lote001/docs/README.md","38","7bd797f187a26f44d2b527a243782b9fdbfc17b0b350b6597797c835cc25ab9c"
"archives/extracted/PF3_Design_System_Master_Lote001/PF3_Design_System_Master_Lote001/icons/check.svg","143","2529166cc4a191206fa2d5ad582eee6f9083612d950667a11d77246e849066f6"
"archives/extracted/PF3_Design_System_Master_Lote001/PF3_Design_System_Master_Lote001/tokens/colors.json","116","5e8f291839d89c4004cbc056ce287872eb1cfa423a6a4cac826a2b19924c1a19"
"archives/extracted/PF3_Design_System_Master_Lote001/PF3_Design_System_Master_Lote001/tokens/spacing.json","75","e570065d5cddc8b22da4fa24cdccf7cb44ff4fdff94bde1739b77cb053493f51"
"archives/extracted/PF3_Design_System_Master_Lote002/PF3_Design_System_Master_Lote002/components/badge.css","44","12e7f80033f0a4c2e14e369e8000606b9defee2778d864bc9863bb2a9cec1810"
"archives/extracted/PF3_Design_System_Master_Lote002/PF3_Design_System_Master_Lote002/components/input.css","63","53fc7005be2489b905f63bc1de0e56a40299574a1dbf124100410b2926e20530"
"archives/extracted/PF3_Design_System_Master_Lote002/PF3_Design_System_Master_Lote002/components/modal.css","58","1656fb751a947255fa2cefd99db892094c37ddd1c66b97a178bf8e3fd00e4d11"
"archives/extracted/PF3_Design_System_Master_Lote002/PF3_Design_System_Master_Lote002/docs/CHANGELOG.md","47","c99a4cc96a9c9aaaa7ee224e42799235b9c3ae9b761f24e46641ac24c3367856"
"archives/extracted/PF3_Design_System_Master_Lote002/PF3_Design_System_Master_Lote002/icons/menu.svg","135","3ef92d3edbfca26fd1620c32cb3ce79f54b191f0842d6c55e9c6a541cd5bd4f9"
"archives/extracted/PF3_Design_System_Master_Lote002/PF3_Design_System_Master_Lote002/templates/dashboard-layout.html","65","e029a1559c33cca1e0bebed47f31c6b62ff8d343e291a997ed8b4f733365553c"
"archives/extracted/PF3_Design_System_Master_Lote002/PF3_Design_System_Master_Lote002/tokens/radius.json","51","9481f22f5f32404de1baacf747a283058cf649c30c522cdb7c5666b4c7a2c053"
"archives/extracted/PF3_Design_System_Master_Lote002/PF3_Design_System_Master_Lote002/tokens/typography.json","60","34c2a4f083d2779b6337c5f808313d26e7e1f82fea37f7b1324d6b336e6584ae"
"archives/extracted/PF3_Design_System_Master_Lote003/PF3_Design_System_Master_Lote003/components/avatar.css","49","f14602d5399738254d5dd42e75ec5fad846720c9a0460f9fef29f969ee4cd55d"
"archives/extracted/PF3_Design_System_Master_Lote003/PF3_Design_System_Master_Lote003/components/navbar.css","49","45aebd331247c155be15ec2b01e9e32d1c5cd892af1582d1318e921afbea1974"
"archives/extracted/PF3_Design_System_Master_Lote003/PF3_Design_System_Master_Lote003/components/sidebar.css","57","6722cc5ec911c27f471e542e703987961d957c7b46bd3f3adf4256157fe4818d"
"archives/extracted/PF3_Design_System_Master_Lote003/PF3_Design_System_Master_Lote003/components/table.css","93","95c85f3db630ddaadce3bbfbdd74ea161f6489b5a726293cc345a04e63c6f7a5"
"archives/extracted/PF3_Design_System_Master_Lote003/PF3_Design_System_Master_Lote003/docs/README.md","37","6cf51dd52035754355b6b54e429dec759e73b6164bcbd83a075182750c4cbef3"
"archives/extracted/PF3_Design_System_Master_Lote003/PF3_Design_System_Master_Lote003/examples/layout.html","104","6c0f8dda596f0d084bd67e23b1191e3e1c652a19345864132d8ae186a9997264"
"archives/extracted/PF3_Design_System_Master_Lote003/PF3_Design_System_Master_Lote003/icons/search.svg","176","f1618c89a94917654639417638eaace10868a2b02eb242b5150409b22dc76d66"
"archives/extracted/PF3_Design_System_Master_Lote003/PF3_Design_System_Master_Lote003/tokens/breakpoints.json","46","fee2ae2f107940a138413345fe2d8b2f188907ed63f307527123e92d55f60ad6"
"archives/extracted/PF3_Design_System_Master_Lote003/PF3_Design_System_Master_Lote003/tokens/shadows.json","70","4b7e50295d9ae9dd0e341f9671113b11384ca0d74c92f5c566a7ea12de1d7067"
"archives/extracted/PF3_Design_System_Master_Lote004/PF3_Design_System_Master_Lote004/components/accordion.css","55","03b60b3eac6725ef50997561a210b60a019b2e3abf201d29cb27ea6d32672256"
"archives/extracted/PF3_Design_System_Master_Lote004/PF3_Design_System_Master_Lote004/components/progress.css","101","1ca76f1fe6ce17192a52b35832323b08ce2755016215cb84c5d2f39fb6524a81"
"archives/extracted/PF3_Design_System_Master_Lote004/PF3_Design_System_Master_Lote004/components/tabs.css","27","97f63e4b0c700c730b32e6578387ff393bc34b4840768e4bf397fef656e19102"
"archives/extracted/PF3_Design_System_Master_Lote004/PF3_Design_System_Master_Lote004/components/tooltip.css","76","b6082302456912d183722c9f907f09f3b466a5a80498fee2e6f3db7b96bc01db"
"archives/extracted/PF3_Design_System_Master_Lote004/PF3_Design_System_Master_Lote004/docs/README.md","46","508ad4d23dc8c31b3cfb5872411f7735f9db740835a76db836adf22484723148"
"archives/extracted/PF3_Design_System_Master_Lote004/PF3_Design_System_Master_Lote004/examples/components.html","94","99c04e3474db92eaea5479013c2337a07e063434fc11d914b08fea8386e6269c"
"archives/extracted/PF3_Design_System_Master_Lote004/PF3_Design_System_Master_Lote004/icons/filter.svg","135","3167314081b4fb376789fcfb46b276791dc9fcbbaf5a100047ac216b558ed9be"
"archives/extracted/PF3_Design_System_Master_Lote004/PF3_Design_System_Master_Lote004/tokens/animation.json","48","3f85d3376700158325e1a3dd17fa4f06f8c645fec9af9db1acd4713766ca265d"
"archives/extracted/PF3_Design_System_Master_Lote004/PF3_Design_System_Master_Lote004/tokens/zindex.json","49","4fa60e61abec7d1a1e90b24e1ceab39154bc179f42fbbbea5b8564f33cd0f83d"
"archives/extracted/PF3_Design_System_Master_Lote005/PF3_Design_System_Master_Lote005/components/breadcrumb.css","48","604a334b0d66a5e2f35f286393aac264755584342ee0e84e7f7eb0b081fca11e"
"archives/extracted/PF3_Design_System_Master_Lote005/PF3_Design_System_Master_Lote005/components/chip.css","88","07205df6295cefd9d1557f96ab801f863ed0dbbe31b355153c41c61f39682603"
"archives/extracted/PF3_Design_System_Master_Lote005/PF3_Design_System_Master_Lote005/components/dropdown.css","74","f6d72349f321eb3a2f8ba0bf8eda88110096b6af28471da62617af4a3af862b9"
"archives/extracted/PF3_Design_System_Master_Lote005/PF3_Design_System_Master_Lote005/components/timeline.css","58","04a6b6a4e606174623c76f182fc7b5af652b9cbe0fb0f5c9597973f5ba8cb260"
"archives/extracted/PF3_Design_System_Master_Lote005/PF3_Design_System_Master_Lote005/docs/README.md","45","ccb5108be1df0a6b99a22710fe6c9c77fa82dc2e6dbfd0eb714f0c3622f7fc2d"
"archives/extracted/PF3_Design_System_Master_Lote005/PF3_Design_System_Master_Lote005/examples/navigation.html","99","62276dd59c475be4d545d0cfa178d85dc47fa4056ef1a1c2cd8ec944eddc5242"
"archives/extracted/PF3_Design_System_Master_Lote005/PF3_Design_System_Master_Lote005/icons/download.svg","141","577de48eecc1f56ebd87a66a47405d5aaad46f06a55f8771c222d166a9cc3361"
"archives/extracted/PF3_Design_System_Master_Lote005/PF3_Design_System_Master_Lote005/tokens/elevation.json","77","03392da989897ca65d2e9318796de79cdf1d9370ac552201dd51f1ae92f10760"
"archives/extracted/PF3_Design_System_Master_Lote005/PF3_Design_System_Master_Lote005/tokens/grid.json","50","e3cde9935ea5eff871ea1f81048e7b0f3f9010eedbb079e6b8ba5db49e9e5f3a"
"archives/extracted/PF3_Design_System_Master_Lote006/PF3_Design_System_Master_Lote006/components/chart.css","68","b8d3dcd7b0504d70060d1911444ddc44b85a5ef176260e4b5ab235cfeeed236a"
"archives/extracted/PF3_Design_System_Master_Lote006/PF3_Design_System_Master_Lote006/components/empty-state.css","44","f56ea90fdc8feb2015eeb1aee6746e5c13b00185f01ffcc04a4677ab519752ea"
"archives/extracted/PF3_Design_System_Master_Lote006/PF3_Design_System_Master_Lote006/components/list.css","28","980403ad3998c80762f4c8ad1ba224c045f216b2b00df6b514785649d6578c0c"
"archives/extracted/PF3_Design_System_Master_Lote006/PF3_Design_System_Master_Lote006/components/stat.css","57","2fb5cfdae4a61833ccb75094564997aaeba49427caf9171abad43347b6f98fcb"
"archives/extracted/PF3_Design_System_Master_Lote006/PF3_Design_System_Master_Lote006/docs/README.md","49","99f4ca7c317180098310b3fe10eb98824b9f93c301f6ed3dd0d840a0b05f2657"
"archives/extracted/PF3_Design_System_Master_Lote006/PF3_Design_System_Master_Lote006/examples/dashboard-widgets.html","90","27b79ffa4779ccda6c211a7cd89bdef8f6f829ed02f051fdfb74a6df810a26b8"
"archives/extracted/PF3_Design_System_Master_Lote006/PF3_Design_System_Master_Lote006/icons/chart.svg","151","ef11da4864a509b6699ffe87c3cfbfab2726956d07085f4b2a1283453e39bd9c"
"archives/extracted/PF3_Design_System_Master_Lote006/PF3_Design_System_Master_Lote006/tokens/charts.json","63","c054103a6f6fa1745e8607e3faab12292e638668f241550181e3ebca5bdda091"
"archives/extracted/PF3_Design_System_Master_Lote006/PF3_Design_System_Master_Lote006/tokens/forms.json","57","28388e940095563c511362fd991a2dbcd09fab1facc8dd6b781b154c7b160253"
"archives/extracted/PF3_Design_System_Master_Lote007/PF3_Design_System_Master_Lote007/components/notification.css","76","d01f43e64492e4815a6019c26c5e5157e9976bb52ac99030606abc5f14f7d41d"
"archives/extracted/PF3_Design_System_Master_Lote007/PF3_Design_System_Master_Lote007/components/skeleton.css","59","b66cbb3586fddede1b5861a8a093f8cd61c2c0ecc1d11cac386a8aa13ae38d64"
"archives/extracted/PF3_Design_System_Master_Lote007/PF3_Design_System_Master_Lote007/components/stepper.css","31","2199fe882c4f5990d012fc8862789fcfbe719b8d23e86380ad0417684f340494"
"archives/extracted/PF3_Design_System_Master_Lote007/PF3_Design_System_Master_Lote007/components/tag.css","63","03ff39c86478e0fae87f10f0c19d49cd03a624fb2c696a88e7e77c5837688a88"
"archives/extracted/PF3_Design_System_Master_Lote007/PF3_Design_System_Master_Lote007/docs/README.md","56","fffde8ca41bea147e79b96e00465b3a0e558ccb0ae8137255e190736d2584b3b"
"archives/extracted/PF3_Design_System_Master_Lote007/PF3_Design_System_Master_Lote007/examples/forms.html","100","ab3348b318b159a1204a6d27d13c9d22d11c053a7a5b069261cf98910ddd0a14"
"archives/extracted/PF3_Design_System_Master_Lote007/PF3_Design_System_Master_Lote007/icons/settings.svg","195","d5c480d3fe96e40d5b9d150af02fa254a0e6082127a952a4672e9812c66649c7"
"archives/extracted/PF3_Design_System_Master_Lote007/PF3_Design_System_Master_Lote007/tokens/layout.json","56","f664cf3c2acb5c6827a3ac1df27cfee34363d5345dcdb9222ccd9993f24ee809"
"archives/extracted/PF3_Design_System_Master_Lote007/PF3_Design_System_Master_Lote007/tokens/motion.json","54","66d22cf08330892b24babebaa76d9a4f7b3f33fa2f2dc627ec44dbcabb8e0faf"
"archives/extracted/PF3_Design_System_Master_Lote008/PF3_Design_System_Master_Lote008/components/banner.css","90","78879cfa4d3cb924e78d8f343f14de2ab720a9368a95343cc1591caf91993fcd"
"archives/extracted/PF3_Design_System_Master_Lote008/PF3_Design_System_Master_Lote008/components/divider.css","53","f18d5683dea40b62e3b42910a1740d7b9aeb3b6341515f690e630dfb6a6fc400"
"archives/extracted/PF3_Design_System_Master_Lote008/PF3_Design_System_Master_Lote008/components/loading.css","81","1d7abb1e9dd1a454572ce25439456edab463ba56b9e681ac59ef22d72ace6a86"
"archives/extracted/PF3_Design_System_Master_Lote008/PF3_Design_System_Master_Lote008/components/toast.css","121","cb157db86336894d09f9de3fad809f19c5f130ce7ec4eab10733db8bb1ead9ea"
"archives/extracted/PF3_Design_System_Master_Lote008/PF3_Design_System_Master_Lote008/docs/README.md","64","ee17ec5621720b857480fa2315615917aa30e6f0d7a26538950b97e1af862d32"
"archives/extracted/PF3_Design_System_Master_Lote008/PF3_Design_System_Master_Lote008/examples/feedback.html","103","ccf15260ba32c46ad4297e971fe18e8e4739e0eae2d2178f2267b0b9e94b9cc7"
"archives/extracted/PF3_Design_System_Master_Lote008/PF3_Design_System_Master_Lote008/icons/alert.svg","181","90b88d8997613a42b9ff6e351b3646d2db3bb3255848defe6d378b8894935938"
"archives/extracted/PF3_Design_System_Master_Lote008/PF3_Design_System_Master_Lote008/tokens/accessibility.json","88","8a782ea391a4c71f1ab50402d81954fca7550ee9efbd0aa34310c99feac3a20f"
"archives/extracted/PF3_Design_System_Master_Lote008/PF3_Design_System_Master_Lote008/tokens/opacity.json","61","b8d20834b06709b31a3751b78bdec04d05871ed689f35d35b13b9001a7419111"
"archives/extracted/PF3_Design_System_Master_Lote009/PF3_Design_System_Master_Lote009/components/avatar-group.css","60","f1cef66e24cf2686ffd87c5a841ffc34a52e960eb280f5780935f12591c592a5"
"archives/extracted/PF3_Design_System_Master_Lote009/PF3_Design_System_Master_Lote009/components/calendar.css","67","d7905005886f3f811ada61d48ca79b68b97dffdf6640a1b14682fab35c909349"
"archives/extracted/PF3_Design_System_Master_Lote009/PF3_Design_System_Master_Lote009/components/date-picker.css","70","3f3036a8cdd9fa7636bf7deb53e68cb2f501f44bb9ca300507cff943c1ed233d"
"archives/extracted/PF3_Design_System_Master_Lote009/PF3_Design_System_Master_Lote009/components/metric.css","59","52e064cb91f82e138c7902ae240430cc1a95952a3ae4963de0a2e96845deaa51"
"archives/extracted/PF3_Design_System_Master_Lote009/PF3_Design_System_Master_Lote009/docs/README.md","45","8b6f386bc71f3c673c6818dfe22542c6afdfac93986165d2d7251a4bdb0f0043"
"archives/extracted/PF3_Design_System_Master_Lote009/PF3_Design_System_Master_Lote009/examples/calendar.html","69","e7c063d0105f4e1c4dddafe46a9e1c7f0f42ffbc26b949a4069828652329866c"
"archives/extracted/PF3_Design_System_Master_Lote009/PF3_Design_System_Master_Lote009/icons/calendar.svg","190","156572965522e8f293e51350ffb41d8ecc82935d5b4a78329979e29925e905ce"
"archives/extracted/PF3_Design_System_Master_Lote009/PF3_Design_System_Master_Lote009/tokens/theme-dark.json","61","63c60a68920218e24c782a3540ed3986755a4154f496e628db4c5888b4b958b8"
"archives/extracted/PF3_Design_System_Master_Lote009/PF3_Design_System_Master_Lote009/tokens/theme-light.json","61","81de84ede3810ed0aeee58ae2bf5598e22f26d6a4aee94fe8c4e681a1ab38659"
"archives/extracted/PF3_Design_System_Master_Lote010/PF3_Design_System_Master_Lote010/components/file-upload.css","66","145f7461c6b3f06ab7334c3525e3b99f44561358a0ffa6d9f83dd2fd0a97756e"
"archives/extracted/PF3_Design_System_Master_Lote010/PF3_Design_System_Master_Lote010/components/panel.css","64","845d0eb2c3abf7eee947a88f8ecee6540e8a30f58708548b7b61e1bd54a1e65c"
"archives/extracted/PF3_Design_System_Master_Lote010/PF3_Design_System_Master_Lote010/components/searchbar.css","32","cd1f0dd3de340f6bd4fa2cae3b2880a580ddf7d5321c09073e2eb61467592967"
"archives/extracted/PF3_Design_System_Master_Lote010/PF3_Design_System_Master_Lote010/components/treeview.css","42","02b811cd42f5ae1073f2d28f978875db491aff3ca2026f2fe5c1bb7cdce0cb56"
"archives/extracted/PF3_Design_System_Master_Lote010/PF3_Design_System_Master_Lote010/docs/README.md","39","a41cc8790bc0271940d9d1e513871e9a17c8e0721b544724bd8aeb8b201f00e3"
"archives/extracted/PF3_Design_System_Master_Lote010/PF3_Design_System_Master_Lote010/examples/upload.html","77","730fc7502c0501efa1016a5896a5e12494ed246b5edc5eed92a24d452d1c31ee"
"archives/extracted/PF3_Design_System_Master_Lote010/PF3_Design_System_Master_Lote010/icons/upload.svg","140","3dfbdca0f7b58d78a9e309090795bc1914fd259c2882b21f49624125c8996d43"
"archives/extracted/PF3_Design_System_Master_Lote010/PF3_Design_System_Master_Lote010/tokens/borders.json","43","2d9a47a1cd1a0024a0197f3337b02dcbc31b9ce2db233fbc843c9d1496fcaeb9"
"archives/extracted/PF3_Design_System_Master_Lote010/PF3_Design_System_Master_Lote010/tokens/semantic-colors.json","76","c933016856aa126db077e2ed883766d4a81c857171b4efd5081db112d113d83e"
"archives/extracted/PF3_Design_System_Master_Lote011/PF3_Design_System_Master_Lote011/components/carousel.css","46","d301e3c495f0a652110120b7b0eb059c16f05be52e673e3ea41b81f628a6e6c5"
"archives/extracted/PF3_Design_System_Master_Lote011/PF3_Design_System_Master_Lote011/components/command-palette.css","65","e290e4b294a782faa3604e5c40aa4a51b8ac0986506383677232543c89e5bb40"
"archives/extracted/PF3_Design_System_Master_Lote011/PF3_Design_System_Master_Lote011/components/context-menu.css","48","61ae48cd5dde05a48893fe88f3af657787571788b601168891b38b9f690ce4b8"
"archives/extracted/PF3_Design_System_Master_Lote011/PF3_Design_System_Master_Lote011/components/split-view.css","57","db7cfcb02373d16735b590cdfb6a26ec6ed4d5c319c4ec11a8064a55bfe2af94"
"archives/extracted/PF3_Design_System_Master_Lote011/PF3_Design_System_Master_Lote011/docs/README.md","66","cad684f78d2d88e61e3c1e0e0e993840f538db9890381d2fc4a615e77e96f3d0"
"archives/extracted/PF3_Design_System_Master_Lote011/PF3_Design_System_Master_Lote011/examples/workspace.html","99","d3ccdc6a0856487f1193a473dd32f3fa33921c9a91a7edf9e466972a9bf1196e"
"archives/extracted/PF3_Design_System_Master_Lote011/PF3_Design_System_Master_Lote011/icons/command.svg","322","21156828ff7e83821d53d2ea45ef34dc475b85d357ebfec214ec13f4ea1f4ed2"
"archives/extracted/PF3_Design_System_Master_Lote011/PF3_Design_System_Master_Lote011/tokens/interaction.json","51","822d6f047a9f67f21f83a3cd3601291d9e02859f96ca2bd9e1f31beb359296c1"
"archives/extracted/PF3_Design_System_Master_Lote011/PF3_Design_System_Master_Lote011/tokens/sizes.json","47","4293ce1119db9872a96b8aec0edd6712b79574017b9f002ef7b25c5c9a43f7c1"
"archives/extracted/PF3_Design_System_Master_Lote012/PF3_Design_System_Master_Lote012/components/activity-feed.css","37","053e24893a06b35d3a612ed8424560c3720d2d0ffde80693caf87159bb2340d7"
"archives/extracted/PF3_Design_System_Master_Lote012/PF3_Design_System_Master_Lote012/components/data-grid.css","70","7a3165845c3cf8c3fa01060b37af36ad792806c76cf29dcb52545ef95343c681"
"archives/extracted/PF3_Design_System_Master_Lote012/PF3_Design_System_Master_Lote012/components/kanban.css","30","16a21955af9dbd3ed785628db5d0c3b175d766a3e3b221104f8ea1728645f6a4"
"archives/extracted/PF3_Design_System_Master_Lote012/PF3_Design_System_Master_Lote012/components/user-menu.css","29","2604a48edd07b0f99830c888162ed75caff2806e11949b6175e89f7e9a953c07"
"archives/extracted/PF3_Design_System_Master_Lote012/PF3_Design_System_Master_Lote012/docs/README.md","13","40a3c3eb3263b8a5406398103469a488dc691f56db78bc6f46bd178e02885014"
"archives/extracted/PF3_Design_System_Master_Lote012/PF3_Design_System_Master_Lote012/examples/workbench.html","67","5aeb41e20962cca39102aa092eca67b9d411e4a35d901c763f2878e6982c2ef3"
"archives/extracted/PF3_Design_System_Master_Lote012/PF3_Design_System_Master_Lote012/icons/grid.svg","140","6c928dbf7fae60466c0b408e9c1b7a323eade7f606c4544808c1cdf9f98aa730"
"archives/extracted/PF3_Design_System_Master_Lote012/PF3_Design_System_Master_Lote012/tokens/responsive.json","48","5ad80c6f55d9cd48c8ede08ca870e245e0b7b23cc8a0515af56e83951b74bd3b"
"archives/extracted/PF3_Design_System_Master_Lote012/PF3_Design_System_Master_Lote012/tokens/typescale.json","68","564d1fb4b63d031af9d0cec02621725ae537779aed997d1be80312b117683d3c"
"archives/extracted/PF3_Design_System_Master_Lote013/PF3_Design_System_Master_Lote013/components/command-bar.css","73","1452c05d5ccf981c2c8481e6e3cabb4e70961139b65b027717990b263983c003"
"archives/extracted/PF3_Design_System_Master_Lote013/PF3_Design_System_Master_Lote013/components/empty-dashboard.css","66","553af3272a7e73ce79e92d68d6010fa36efe6712fc9dde690a6fa52c272bf0ba"
"archives/extracted/PF3_Design_System_Master_Lote013/PF3_Design_System_Master_Lote013/components/filter-panel.css","58","e12409e8ac2b234013833d814793a7afd772f5e2f0ebd1d8e4306f7abf678f51"
"archives/extracted/PF3_Design_System_Master_Lote013/PF3_Design_System_Master_Lote013/components/mega-menu.css","69","927e5668913625963c8da5e04271284b47b437919ff9b322ada131f5f40b4508"
"archives/extracted/PF3_Design_System_Master_Lote013/PF3_Design_System_Master_Lote013/docs/README.md","44","3e9185e86c3cf75810a736afffeff9fcdb9f35f3cc868c4e345a7c9197efd453"
"archives/extracted/PF3_Design_System_Master_Lote013/PF3_Design_System_Master_Lote013/examples/dashboard-shell.html","104","761bdc7e632945a7645bb8be5fc95667d19879db31b1f5ee39aa5976acbc64b6"
"archives/extracted/PF3_Design_System_Master_Lote013/PF3_Design_System_Master_Lote013/icons/dashboard.svg","367","888c4290f61f260edb21ee0d9b6efb811a064f7b5e0905d0af974ba79d9c9179"
"archives/extracted/PF3_Design_System_Master_Lote013/PF3_Design_System_Master_Lote013/tokens/density.json","57","7a5a63f915a4c724930559a462c51f170032fc2ba24712a8eebf8a3a7a2068a0"
"archives/extracted/PF3_Design_System_Master_Lote013/PF3_Design_System_Master_Lote013/tokens/navigation.json","50","7bdda554a5fc94b57a15fd5a1950ef1f5e279a2337f9ae30269cfed8321b4f37"
"archives/extracted/PF3_Design_System_Master_Lote014/PF3_Design_System_Master_Lote014/components/drawer.css","61","fc3ab7eaff4d6f4d9dc5235fef5721c83d32c78d58386b1df673bcadcf6f6d7e"
"archives/extracted/PF3_Design_System_Master_Lote014/PF3_Design_System_Master_Lote014/components/metric-grid.css","71","f1a1b5e6b64e4772c074730a68c3ac2a38a7a0ae5416bdf7ca3f157c0e8f072f"
"archives/extracted/PF3_Design_System_Master_Lote014/PF3_Design_System_Master_Lote014/components/search-results.css","38","f50b195013d0e83dc5d874b9f2fe79f3085524ec2121680bd87ffdb1988af8e4"
"archives/extracted/PF3_Design_System_Master_Lote014/PF3_Design_System_Master_Lote014/components/snackbar.css","98","f908f22d0ca58ec255ffe2f852e7d12cebc6680c0adaed972452b1a14fca45e9"
"archives/extracted/PF3_Design_System_Master_Lote014/PF3_Design_System_Master_Lote014/docs/README.md","49","7860fc16e05c9c9f35fd0cd0bddc7d886ba3a0de2b299aeabe508805f2577b31"
"archives/extracted/PF3_Design_System_Master_Lote014/PF3_Design_System_Master_Lote014/examples/notifications.html","101","97e1a488b82c809b108ee1d35a4cdc85eaefae3d247cb6202d56982e20112a7d"
"archives/extracted/PF3_Design_System_Master_Lote014/PF3_Design_System_Master_Lote014/icons/bell.svg","160","b8c537aa6492d60645c1817cdc469b87b260320765f3ac0afaab539d9dda294a"
"archives/extracted/PF3_Design_System_Master_Lote014/PF3_Design_System_Master_Lote014/tokens/effects.json","74","ee36d7136fb7092a787996260646aad819a2d0e146966ebbddd105cfef32892e"
"archives/extracted/PF3_Design_System_Master_Lote014/PF3_Design_System_Master_Lote014/tokens/notifications.json","38","5ee0eceef05443a0c3e2d8b8145270e25e56571431006f05f26c41d67fa8ee7b"
"archives/extracted/PF3_Design_System_Master_Lote015/PF3_Design_System_Master_Lote015/components/chart-legend.css","51","0a4df63319ff625bb8aa300b9f8d421b781d697f0ab893c4cd9835947349bf89"
"archives/extracted/PF3_Design_System_Master_Lote015/PF3_Design_System_Master_Lote015/components/data-table.css","48","672d8b942e4c1b3007d138bfbef806c5d83d98eef6bfdfb659185571012a7f40"
"archives/extracted/PF3_Design_System_Master_Lote015/PF3_Design_System_Master_Lote015/components/quick-actions.css","37","68909cd26f71c6be7d8f75ef268f5a9a3f607f0414a556560948c207e155bbb0"
"archives/extracted/PF3_Design_System_Master_Lote015/PF3_Design_System_Master_Lote015/components/status-pill.css","50","f02c0e382a120ed81d2f2bebb4c6528f141f751b579781a9d5a759581daa129a"
"archives/extracted/PF3_Design_System_Master_Lote015/PF3_Design_System_Master_Lote015/docs/README.md","52","cf66aad27819e6736d9bc989a467d262ff745ca328d48f5e40705f50538f5f3e"
"archives/extracted/PF3_Design_System_Master_Lote015/PF3_Design_System_Master_Lote015/examples/analytics.html","108","3b61d020430f70ab4b565d655af8d36b627362f231a98264dd34b0c9a3539db7"
"archives/extracted/PF3_Design_System_Master_Lote015/PF3_Design_System_Master_Lote015/icons/analytics.svg","150","beb11f11e85784f4433e448a6ed9fba57e2edd772371cd674ad320c25c095967"
"archives/extracted/PF3_Design_System_Master_Lote015/PF3_Design_System_Master_Lote015/tokens/branding.json","42","469500190e5b050b384a2c963ed774199815deab87a6df9d1c7e4779afb27ca8"
"archives/extracted/PF3_Design_System_Master_Lote015/PF3_Design_System_Master_Lote015/tokens/charts.json","48","b7686917f01528adb6edd6a8cc7eed2fd8216224196541c949a07fc60ecea073"
"archives/extracted/PF3_Design_System_Master_Lote016/PF3_Design_System_Master_Lote016/components/detail-panel.css","65","af6d56d82537ca27f5c85c1558fed02fb1e02cdb8fda34f11d9bbc833effbaea"
"archives/extracted/PF3_Design_System_Master_Lote016/PF3_Design_System_Master_Lote016/components/export-panel.css","93","a8182d317ed088af53600e0068dfd43885777c5414f414fd0ce4e530edb042b2"
"archives/extracted/PF3_Design_System_Master_Lote016/PF3_Design_System_Master_Lote016/components/filter-chip.css","95","ca69afe0a22d7806a5414098072864f96445c857c958b7e5c64fd555bf9d1997"
"archives/extracted/PF3_Design_System_Master_Lote016/PF3_Design_System_Master_Lote016/components/wizard.css","63","a6b4ca1a1d363669e4988fe0ed5a77a2c69c4e77c0ff69fb839b89951cd1b996"
"archives/extracted/PF3_Design_System_Master_Lote016/PF3_Design_System_Master_Lote016/docs/README.md","56","d90904ce33b7981309bac673db099afe90b60441f6917efcd93d83c14bc22986"
"archives/extracted/PF3_Design_System_Master_Lote016/PF3_Design_System_Master_Lote016/examples/export.html","115","0a5a0995f00c9d4387f7b4680e3d1a818b1f264065bf2bef7f329e140f251fc7"
"archives/extracted/PF3_Design_System_Master_Lote016/PF3_Design_System_Master_Lote016/icons/export.svg","140","accbc199fbbb70625e6f230892f9efacf5b7b2849ebe1eaa0bd5a4a0a7703021"
"archives/extracted/PF3_Design_System_Master_Lote016/PF3_Design_System_Master_Lote016/tokens/export.json","39","ef9d089b7d6eef4c2f697c337f2b7c647c1d01daaeabc1b7c21e825b3bbf0239"
"archives/extracted/PF3_Design_System_Master_Lote016/PF3_Design_System_Master_Lote016/tokens/forms-advanced.json","60","067f20acf0d6d65db668208799c66acc3b5dfec6f2e82e77d0e22755bdcd3d54"
"archives/extracted/PF3_Design_System_Master_Lote017/PF3_Design_System_Master_Lote017/components/access-card.css","64","381c0dae2552eb8a1cc9ed33935830ac824cfbf764933b5e59bbdfb5f1d01541"
"archives/extracted/PF3_Design_System_Master_Lote017/PF3_Design_System_Master_Lote017/components/audit-log.css","32","d0a26d0f85f99f9013f6bc930b992df06388d6095c497146763337ad8c867007"
"archives/extracted/PF3_Design_System_Master_Lote017/PF3_Design_System_Master_Lote017/components/language-switcher.css","47","16f874ec204a2dc8ac0b41a235a2a246df132a3382d7703f9c9e2a2ea0400913"
"archives/extracted/PF3_Design_System_Master_Lote017/PF3_Design_System_Master_Lote017/components/session-banner.css","73","09dd98cb0e1292b6bef491db7adb42e9ff299b6bb79a7104004f4e1798e5fb98"
"archives/extracted/PF3_Design_System_Master_Lote017/PF3_Design_System_Master_Lote017/docs/README.md","49","ad5229252f83da46dae7bb0fb24b9b7af924acbafcfc4cf7407a77aa41bcfaa7"
"archives/extracted/PF3_Design_System_Master_Lote017/PF3_Design_System_Master_Lote017/examples/security.html","104","30faf212faa4befc7bf24e0252f1ec7123a0000900d6f5ca0e995490b0fa5b56"
"archives/extracted/PF3_Design_System_Master_Lote017/PF3_Design_System_Master_Lote017/icons/shield.svg","154","7a0dbeb1c385d955629eeae20a12308b35017ebcdb850c0773e3ebae8c3d240f"
"archives/extracted/PF3_Design_System_Master_Lote017/PF3_Design_System_Master_Lote017/tokens/localization.json","51","54bbad49c9024d880753b7f9caacc569dd3592142a4d4007cc40c21fd3942f3d"
"archives/extracted/PF3_Design_System_Master_Lote017/PF3_Design_System_Master_Lote017/tokens/security.json","47","4ab98d7d04191f007d893baee2ca7a86ad40f748f2f790a586a31522f02176f9"
"archives/extracted/PF3_Design_System_Master_Lote018/PF3_Design_System_Master_Lote018/components/api-status.css","69","959d056e88f5d323dc259443a85a4e42f25b7db4c2aa9b4b857e519a5fcb8f9f"
"archives/extracted/PF3_Design_System_Master_Lote018/PF3_Design_System_Master_Lote018/components/code-block.css","69","35c3528edac477ea02289ac3d159b1b7d4c5c5cfeee4b1c68b02af809bec817a"
"archives/extracted/PF3_Design_System_Master_Lote018/PF3_Design_System_Master_Lote018/components/json-view.css","54","ebdc2e9aadd1c96d753187393eb736aa1014a84d345cfe31a67675959a695323"
"archives/extracted/PF3_Design_System_Master_Lote018/PF3_Design_System_Master_Lote018/components/log-viewer.css","65","ec838391be3fafefdbbcacd4b296e85536a5383b82683f03a424a2ba530a10e7"
"archives/extracted/PF3_Design_System_Master_Lote018/PF3_Design_System_Master_Lote018/docs/README.md","62","6f5a59c3ad589a8126264c96adaae15fb02bff55d7924327f01111ab1387382b"
"archives/extracted/PF3_Design_System_Master_Lote018/PF3_Design_System_Master_Lote018/examples/developer.html","101","1e5c27bfd89747e31d43ca263fada5c6a9c8003537aea9441515d6c5f0345ee4"
"archives/extracted/PF3_Design_System_Master_Lote018/PF3_Design_System_Master_Lote018/icons/api.svg","126","d35da2d87f06501bc605686e62fa6e3560addda541b978b83787d035dcf66244"
"archives/extracted/PF3_Design_System_Master_Lote018/PF3_Design_System_Master_Lote018/tokens/api.json","47","b35286b8a38405baf27f090932b6836cd65699a1cc7c71ba3c51107f24cd07ff"
"archives/extracted/PF3_Design_System_Master_Lote018/PF3_Design_System_Master_Lote018/tokens/theme-contrast.json","49","a402a6c60a8b9385006eaeac90a1663a9a6b04bc82fddd11de9683fdb990e02e"
"archives/extracted/PF3_Design_System_Master_Lote019/PF3_Design_System_Master_Lote019/components/changelog.css","33","3a1ec1cc4c689a6f54c40c0d71203865ef35ac5461fa1ccac356a694deabd5f9"
"archives/extracted/PF3_Design_System_Master_Lote019/PF3_Design_System_Master_Lote019/components/release-card.css","65","30953b96b1a106cec015f387592a693963322662590439a3c574c45546505bd0"
"archives/extracted/PF3_Design_System_Master_Lote019/PF3_Design_System_Master_Lote019/components/test-banner.css","52","9d7f9d8966461722ed39204c06b11d3482ef468497967f97e1ef486b472efd96"
"archives/extracted/PF3_Design_System_Master_Lote019/PF3_Design_System_Master_Lote019/components/version-badge.css","72","4631887d204748fce58df1ff56ec46343a30d6d09a146dc4944ff47c6b9b3911"
"archives/extracted/PF3_Design_System_Master_Lote019/PF3_Design_System_Master_Lote019/docs/README.md","53","1b7c4263e33a0a916f456689a5847b9f6ba12cbda54560f7dddc1251fb9ae254"
"archives/extracted/PF3_Design_System_Master_Lote019/PF3_Design_System_Master_Lote019/examples/release.html","73","a5a33196cd2cd859ccec05d5f680df5c575b995332c588ffe430c5cbd2b6618d"
"archives/extracted/PF3_Design_System_Master_Lote019/PF3_Design_System_Master_Lote019/icons/release.svg","128","f21da3f996d4c9669bbf70c92d26602503c81396c973b44eccb81a6b2b7829ef"
"archives/extracted/PF3_Design_System_Master_Lote019/PF3_Design_System_Master_Lote019/tokens/testing.json","53","8418f073042f0dc097bb48c11a54909c992282b7d54363894f9b8f0db09a7da0"
"archives/extracted/PF3_Design_System_Master_Lote019/PF3_Design_System_Master_Lote019/tokens/versioning.json","40","c055e1fb62b5136a7cc6a4a60e88f404de87db878159fb89d1fbbed2f1ce3f93"
"archives/extracted/PF3_Design_System_Master_Lote020/PF3_Design_System_Master_Lote020/components/component-index.css","36","4acfcb6c376828c81be535e665f414d7c386f26a4396635533174c75260ab443"
"archives/extracted/PF3_Design_System_Master_Lote020/PF3_Design_System_Master_Lote020/components/design-review.css","37","6dd11ba0996035cec61b39c24014d1b9c6772467e7e39dd99f88dbaa135b012c"
"archives/extracted/PF3_Design_System_Master_Lote020/PF3_Design_System_Master_Lote020/components/doc-callout.css","75","51766f4229b1598d23ab6df1ff1a6a0d57ea94580281947f960215738401ba8d"
"archives/extracted/PF3_Design_System_Master_Lote020/PF3_Design_System_Master_Lote020/components/spec-table.css","48","b4b082b11afe2c27b449e0423a4ca23326fc16fa42aec68582f333e86350f5aa"
"archives/extracted/PF3_Design_System_Master_Lote020/PF3_Design_System_Master_Lote020/docs/README.md","60","db67605262d38acaf6ff7465050703d1e68d4ce03a775f21c59cabe120d9f0df"
"archives/extracted/PF3_Design_System_Master_Lote020/PF3_Design_System_Master_Lote020/examples/documentation.html","106","7b05e31722d69dfcdf593da962caacf327528e67aaf8256c75314f7d87cb5ad1"
"archives/extracted/PF3_Design_System_Master_Lote020/PF3_Design_System_Master_Lote020/icons/book.svg","125","a819fd07df018aac767fe8b30242fd2d36d6a4943a73dff99a342ea12c7d6493"
"archives/extracted/PF3_Design_System_Master_Lote020/PF3_Design_System_Master_Lote020/tokens/documentation.json","60","fde5dba97488952ce23d80b6918e70c9f680619f0b4435685be88b763159cdd4"
"archives/extracted/PF3_Design_System_Master_Lote020/PF3_Design_System_Master_Lote020/tokens/governance.json","52","0869e45532624d160924b0114b758d4cd89c576ca626005a5ff2e76918b5583f"
"archives/extracted/PF3_Design_System_Master_Lote021/PF3_Design_System_Master_Lote021/components/audit-timeline.css","38","66ab5cfc305b8338197a4fddb31058a904fd4325697f3332543b6c683833683f"
"archives/extracted/PF3_Design_System_Master_Lote021/PF3_Design_System_Master_Lote021/components/permission-matrix.css","82","c2f1edbd6977d42a7782b521912394078b36929703e6cfa74291927a8784ac9b"
"archives/extracted/PF3_Design_System_Master_Lote021/PF3_Design_System_Master_Lote021/components/role-badge.css","67","e18a09b167394060d441297488d2528cb2eef5d0390511e85fd549b72ed4d721"
"archives/extracted/PF3_Design_System_Master_Lote021/PF3_Design_System_Master_Lote021/components/system-banner.css","72","4efeabc37de229e397ad1d8f9b01b8eb2bf2c9c28cc570b6d8fb2edf4261b60b"
"archives/extracted/PF3_Design_System_Master_Lote021/PF3_Design_System_Master_Lote021/docs/README.md","45","c086917404bfe444c65661a7bb3d146fd9a7d67f0a3b0f41cf7caf09473a80e5"
"archives/extracted/PF3_Design_System_Master_Lote021/PF3_Design_System_Master_Lote021/examples/security-admin.html","111","0581b1861e3798398e6a2520d29c3d06ed9924afa63b7bc9b3198ff508eed419"
"archives/extracted/PF3_Design_System_Master_Lote021/PF3_Design_System_Master_Lote021/icons/lock.svg","217","8dc5000511fc32e113435fe8181a1fa90263d0b325144befcbc8e07a413658a7"
"archives/extracted/PF3_Design_System_Master_Lote021/PF3_Design_System_Master_Lote021/tokens/access-control.json","57","dc8fb3c170cdd16dbfbe889bbf4b8d33ae5dd380ff49a51102cb5406d46bd84f"
"archives/extracted/PF3_Design_System_Master_Lote021/PF3_Design_System_Master_Lote021/tokens/audit.json","35","22f36f93b6ff4e98603331772d2e8d5cbbd6f6d1a5bccc0c75277040d1e97395"
"archives/extracted/PF3_Design_System_Master_Lote022/PF3_Design_System_Master_Lote022/components/deploy-banner.css","66","f84b8721d38e34e3a932de72dd76ba5321434a75143f270d2df863257add1e6e"
"archives/extracted/PF3_Design_System_Master_Lote022/PF3_Design_System_Master_Lote022/components/environment-switcher.css","43","0d8d2cfbab382278f37ea97f29975b48be67c54949e6822a67c773fc57b43a7f"
"archives/extracted/PF3_Design_System_Master_Lote022/PF3_Design_System_Master_Lote022/components/health-card.css","70","6b05a591dc4935f7e5b53cb9af64393106676bc61e1c033fb1d67d476bcbfc6d"
"archives/extracted/PF3_Design_System_Master_Lote022/PF3_Design_System_Master_Lote022/components/log-console.css","81","059775e20c74ff28e3737cacd3973ac5a6876334456feb6c24661a392e673283"
"archives/extracted/PF3_Design_System_Master_Lote022/PF3_Design_System_Master_Lote022/docs/README.md","44","4403fa0ed2ddd4976e044a442251e43bdbd41c6151284126b72f411323739421"
"archives/extracted/PF3_Design_System_Master_Lote022/PF3_Design_System_Master_Lote022/examples/operations.html","105","4729343b557ce04be2466d284d3dfc9e97b42b6f026f008aa59003071beea427"
"archives/extracted/PF3_Design_System_Master_Lote022/PF3_Design_System_Master_Lote022/icons/server.svg","217","5c0e1caecdedeb0f389b3664b76209002481fa715210815661a5cae5a856746a"
"archives/extracted/PF3_Design_System_Master_Lote022/PF3_Design_System_Master_Lote022/tokens/deployment.json","48","1aace39e03cf5f7f58e29a8122423fec172094927a3145c7849bda1253c81a6b"
"archives/extracted/PF3_Design_System_Master_Lote022/PF3_Design_System_Master_Lote022/tokens/observability.json","57","8dce88505d4c3794207c2c9777282a48beafb1e21b6161a7b56d502be613d897"
"archives/extracted/PF3_Design_System_Master_Lote023/PF3_Design_System_Master_Lote023/components/meta-preview.css","65","f05687de36c191e921c042a3f787bef33f722b5aef31bbe63a4fbd7c03a00635"
"archives/extracted/PF3_Design_System_Master_Lote023/PF3_Design_System_Master_Lote023/components/performance-card.css","75","c84549941f0f51a5ea643d82f370f3563d166e5f228984887d609e6247e1ab7e"
"archives/extracted/PF3_Design_System_Master_Lote023/PF3_Design_System_Master_Lote023/components/score-badge.css","70","21fa05386882f3b1eca161ad762db87452a8a24b97ce897ac2f29075f7f16d5a"
"archives/extracted/PF3_Design_System_Master_Lote023/PF3_Design_System_Master_Lote023/components/seo-panel.css","33","29c69d707196b226e2c6b1cc4a579dadfdd2c75a74ee3125a3f764d2c7d3cace"
"archives/extracted/PF3_Design_System_Master_Lote023/PF3_Design_System_Master_Lote023/docs/README.md","46","c93e095f6d3b0c4aab987521cf9dec706ac3a68360578c37a46b21884f281a5b"
"archives/extracted/PF3_Design_System_Master_Lote023/PF3_Design_System_Master_Lote023/examples/performance.html","106","6527fe6e787663e4bb365dbfa7afffa6208ca5183c73758813c7bd68b060a9d8"
"archives/extracted/PF3_Design_System_Master_Lote023/PF3_Design_System_Master_Lote023/icons/speed.svg","173","22d396959f6b48edd1d1cd3b522f48d14e43a917f8f9d198b41b1c0079348e35"
"archives/extracted/PF3_Design_System_Master_Lote023/PF3_Design_System_Master_Lote023/tokens/performance.json","64","373a339e8b37c85be9414dd693be9578d1d5dfda9a6b77477f9b5f23cd4c00a4"
"archives/extracted/PF3_Design_System_Master_Lote023/PF3_Design_System_Master_Lote023/tokens/seo.json","65","ff998458865fbb70af4313ec28652a8e66131ea14aebf3b65850e653160ce68e"
"archives/extracted/PF3_Design_System_Master_Lote024/PF3_Design_System_Master_Lote024/components/accessibility-panel.css","78","f839f4b998042b95869808427c62f8605f4ce4443e4904485d63f230dfb81ec3"
"archives/extracted/PF3_Design_System_Master_Lote024/PF3_Design_System_Master_Lote024/components/help-center.css","35","65471e0c3e46a1a1a1da8f6e658ee80af54faa3562bcd18654c398e60f1726c0"
"archives/extracted/PF3_Design_System_Master_Lote024/PF3_Design_System_Master_Lote024/components/keyboard-shortcuts.css","65","07b6b56dc3b12a58d31efbdf3af5ff4bcecc2930bda0d84434d6d55459a5a956"
"archives/extracted/PF3_Design_System_Master_Lote024/PF3_Design_System_Master_Lote024/components/locale-selector.css","45","f308521586d9fea677b8ea7f649f6634d45234f9b3e48b1c986d2c24be64498d"
"archives/extracted/PF3_Design_System_Master_Lote024/PF3_Design_System_Master_Lote024/docs/README.md","53","5206fdb59ddfe02f8459827868b18deb56a3b6d7299fc7dc655b1529ead6671e"
"archives/extracted/PF3_Design_System_Master_Lote024/PF3_Design_System_Master_Lote024/examples/accessibility.html","111","14a1f0cf5ba4894205d457d1136f185f1695a41929a40c15a850dff081a4c868"
"archives/extracted/PF3_Design_System_Master_Lote024/PF3_Design_System_Master_Lote024/icons/globe.svg","225","72ef391530209719b3ef8a5d07c0cce7d376266ef127c1fb8167052a7d86fc44"
"archives/extracted/PF3_Design_System_Master_Lote024/PF3_Design_System_Master_Lote024/tokens/accessibility-level.json","39","dcfbfc7d8ccced7e71c8d0412127ec0d5272a0196a4dfefa16501df2948f606a"
"archives/extracted/PF3_Design_System_Master_Lote024/PF3_Design_System_Master_Lote024/tokens/internationalization.json","58","1471dc85302fa5a6a7f49c15b722a861a0bb0bc9ad4e477d9babe3cd1f1e72ac"
"archives/extracted/README.md","549","05747da6deceed37c744513cc564f15cd9e9b03eeee8bef0a60e979132a0dd39"
"archives/source-packages/PF1_Humanati_Master_Package_v1.zip","787795","b85e41d42e86ee9c562fb21123876c8e5dc8194bf5b67100bf3b3cf168ce7b83"
"archives/source-packages/PF2_01_Website_Master_Package_Final_v1.zip","241050","96450d1fe3738d2943a614e0b2e718d2c7d755154902cba7828033d840c7172b"
"archives/source-packages/PF2_01_Website_Master_Package_Lote001.zip","38161","48973207c56c99d8ee7a973b57e0bd45687fae6bbfdd31217f86a3fb993e0d72"
"archives/source-packages/PF2_01_Website_Master_Package_Lote002.zip","38215","bf51ea2d3004737322dea66ddbdf1428124aa13adbac04fb4db125367647807a"
"archives/source-packages/PF2_01_Website_Master_Package_Lote003.zip","38216","e5a4b71547cac6dc72a027f42e509b768a11da4e975757d1fc76c13971f39af0"
"archives/source-packages/PF2_01_Website_Master_Package_Lote004.zip","38562","f69ea9f55b1a2336f6a9bb959d9150b7e209a977015e120cda482d36cb7d7c7e"
"archives/source-packages/PF2_01_Website_Master_Package_Lote005.zip","38509","fea937ed9b16dcaa41a4f509730d5bd0f8262da2ca3d504ca4fef71c4fd64fa5"
"archives/source-packages/PF2_01_Website_Master_Package_Lote006.zip","38459","7bf6844fec110bcd31f6f7c1a5e82d38f0a2e0145c52ef3c7db3c587e456c916"
"archives/source-packages/PF3_Design_System_Master_Lote001.zip","1606","f717407a3a2e92d7c2c2e5daba322ad0a9f9f8ec8404bdee4b69c1d8eb7ab5d2"
"archives/source-packages/PF3_Design_System_Master_Lote002.zip","2005","8f6b0fa952669858ed27b9457bd3db7ca0fe3c2a066cf1b23e257a939218a49e"
"archives/source-packages/PF3_Design_System_Master_Lote003.zip","2333","691d5f8dc7ad1ed6102cf8f7331e033827ec57d0fe3c9268ae0f38bf0b6bc2ab"
"archives/source-packages/PF3_Design_System_Master_Lote004.zip","2293","3ec2e8bec2d36dc96dc662959532609accdb32d753768a9df873c21dbc3de841"
"archives/source-packages/PF3_Design_System_Master_Lote005.zip","2346","d347d17d13a7ea83b8933a5b12941d6e71b6acfa81435d02769e558fff9eb03b"
"archives/source-packages/PF3_Design_System_Master_Lote006.zip","2265","7739d759b7c743e6d5eccdf7837a3aa60e81a2f17d13474cd0febc55c18915a9"
"archives/source-packages/PF3_Design_System_Master_Lote007.zip","2344","ef3592bda9ecb4c96f2bf447f972716abf23a8306baad186f18dd6ee2a73cd7c"
"archives/source-packages/PF3_Design_System_Master_Lote008.zip","2502","de0fcef03c8e510ecd55753e33498abb90192275bceea172e5c9c3c09482a749"
"archives/source-packages/PF3_Design_System_Master_Lote009.zip","2374","e99061305e9f5c1ee03a03f7d493a35a66d99c2d2993861f53ad274f513573e4"
"archives/source-packages/PF3_Design_System_Master_Lote010.zip","2257","9a172c74365b1931337ead8b8455c5a443922f8f6e9987d853e1befb04f56492"
"archives/source-packages/PF3_Design_System_Master_Lote011.zip","2499","cdb4085f522485b9143a936db11e15aa689a3c352c0b6ec5930e6a13d6839b8f"
"archives/source-packages/PF3_Design_System_Master_Lote012.zip","2184","fb344eedd25acd060c676f7b4c54023e50a2ab4d26d2221705b5dc3c74fe4257"
"archives/source-packages/PF3_Design_System_Master_Lote013.zip","2608","583a6c0a431eded5236663f71114235d04ac7d1521635de50153e07141ffe09f"
"archives/source-packages/PF3_Design_System_Master_Lote014.zip","2386","af045930565a7b5446ce826cf9577b22512b0fa5b843813182b37c428d36f529"
"archives/source-packages/PF3_Design_System_Master_Lote015.zip","2286","2234e47690545833d7b4540d1890c5c9e054fbf1c94cc81621a237099fbeae35"
"archives/source-packages/PF3_Design_System_Master_Lote016.zip","2416","c33e761e6a75b826cb042808e707a02f8358ed148587f45ac6f217c7f9ace1f3"
"archives/source-packages/PF3_Design_System_Master_Lote017.zip","2335","348c6b9a09a57b8b31bd66897c4490f90a67985349c74080f9f0dc6b0550cf7c"
"archives/source-packages/PF3_Design_System_Master_Lote018.zip","2322","85d6d409fd496e6e6fa62643e3e91d2e8a111b16f701def18f8cba1b321621aa"
"archives/source-packages/PF3_Design_System_Master_Lote019.zip","2265","35600f55a15cd405ea90948876c32f332f906beec78c99887941619f60aae544"
"archives/source-packages/PF3_Design_System_Master_Lote020.zip","2321","a45e4f08c9f9f76b00cdb8ef128754c3b4bb26aec3b43931e283d5f731eb142c"
"archives/source-packages/PF3_Design_System_Master_Lote021.zip","2450","987f6254074e17e0a0d6af9be0b1de9c4b68c47067a3c8cef40e8cd05db934ee"
"archives/source-packages/PF3_Design_System_Master_Lote022.zip","2463","e2efdac7a6f1e71438f5b276884899ab49466b6d3332863e35b56dd629c589e4"
"archives/source-packages/PF3_Design_System_Master_Lote023.zip","2397","5d206a7635dfc851f6bc212dda69cb7a2afd1c01e1131d1f12a2cb2c53ee8eb1"
"archives/source-packages/PF3_Design_System_Master_Lote024.zip","2493","35eabf38681c465d25c4feef84f86233c99d6b5c8372cab7286eebecacb0b5de"
"archives/supplemental-sources/Humanati_12_Outros_Artefatos_e_Variacoes.zip","28860421","83cb6bbf91c82f55bb42769e82c5f66fbc73a84f5a7be1630ff7266e116d622e"
"archives/supplemental-sources/Humanati_Todos_Artefatos_Disponiveis.zip","176466031","1426413ddceafaa5d597adb84eda5f033d528a58018f89ad9e6211ff85a41e6c"
"archives/sx/a12/12_Outros_Artefatos_e_Variacoes/a_clean_corporate_branding_identity_presentation_s.png","1525631","91f6b9f84af9f78d38e4382d60182c5367a2a6e7d3d6eea2b6cbc1c9062a4d5a"
"archives/sx/a12/12_Outros_Artefatos_e_Variacoes/a_clean_flat_layout_mockup_composite_image_of_a_m.png","1936314","d6290128f883d505bf89ab06201c1bc8c98bf3c1a39ce36e9924fb21c7b33811"
"archives/sx/a12/12_Outros_Artefatos_e_Variacoes/a_clean_high_quality_corporate_brand_guideline.png","1782351","d9e7b01c23a21d3137a01f7dc8d2d9ffaa36b52b0617bf915c97b2554def867b"
"archives/sx/a12/12_Outros_Artefatos_e_Variacoes/a_clean_high_resolution_brand_guideline_identity.png","1765698","2d4c26922681e177d5e0ce73306e74d2b0c44bc2815c27543939b83bf5ba21e1"
"archives/sx/a12/12_Outros_Artefatos_e_Variacoes/a_clean_high_resolution_ui_design_presentation.png","1832931","fe564efac85230b68bc746e26abe4a7c5e7303c60363571f6cc6b5330e41c9f2"
"archives/sx/a12/12_Outros_Artefatos_e_Variacoes/a_high_detail_cinematic_3d_render_photo_realist.png","1926195","6563df0528a86137d6e3087ab348a29eee0132f53857353337ea78a50c2ba371"
"archives/sx/a12/12_Outros_Artefatos_e_Variacoes/a_high_resolution_brand_identity_board_style_gui.png","1778289","47e1ffca5804d126a3cb017b3d93370b22793a1438e2cdd4f975f57a20fb0c9d"
"archives/sx/a12/12_Outros_Artefatos_e_Variacoes/a_high_resolution_stylized_3d_cg_corporate_techno.png","1675763","e670785e608936a2f0f115575e886563a7c80ca9788ab2bd5553547ebc9c65ac"
"archives/sx/a12/12_Outros_Artefatos_e_Variacoes/a_high_resolution_website_landing_page_screenshot.png","1673015","b9cefc4b0e66e3817abefbe8ed33c9de50ffcc5ab6f4976bb8a7562ba0fa3347"
"archives/sx/a12/12_Outros_Artefatos_e_Variacoes/a_high_tech_corporate_control_room_data_operatio.png","1915814","37f3d866cfb6d3e1239459a419011986c028e93abbd345ae6add397c8c58c621"
"archives/sx/a12/12_Outros_Artefatos_e_Variacoes/a_high_tech_dark_blue_corporate_dashboard_market.png","1777575","51054f18722326929204737af86cf51228249a3649f383cdec658fef1d982af3"
"archives/sx/a12/12_Outros_Artefatos_e_Variacoes/a_high_tech_futuristic_digital_illustration_3d_r.png","1813693","bf574ff173490a9064382800f67c0eee01a7ed7839458d31957118c75b8eac0f"
"archives/sx/a12/12_Outros_Artefatos_e_Variacoes/a_high_tech_futuristic_office_tech_scene_rendered.png","1676770","0a29f6dd011027cc2a1ca1d99de210b7f099c3890941ca67dd6320c4c05d888a"
"archives/sx/a12/12_Outros_Artefatos_e_Variacoes/a_wide_clean_corporate_brand_guideline_identity_b.png","1704861","d9bd898111d88b526efd07d558233338ddb6570c166a651ae90b1f0be52d2caa"
"archives/sx/a12/12_Outros_Artefatos_e_Variacoes/a_wide_clean_modern_corporate_brand_guideline.png","1905068","af2c7fe4e8840a9c9c83c94ebf1978d7326a8089db6fc196adc803d186148244"
"archives/sx/a12/12_Outros_Artefatos_e_Variacoes/a_wide_dark_themed_corporate_brand_identity_board.png","1743759","1fac5765a2ba6e6a8345802d3c699afae13d452c56963d6e41dee2478914eea7"
"archives/sx/a12/12_Outros_Artefatos_e_Variacoes/a_wide_high_resolution_ui_ux_design_presentation.png","1872341","c2c62af9bd53d752d1fcfc41c89fe1b15e4d1df80581ce6f1a63aa2398fd4171"
"archives/sx/a12/12_Outros_Artefatos_e_Variacoes/README.txt","138","536ca32216189ee6e7331e54cbd1f137d08a7c4b003e5e2182970b6f08076f2c"
"archives/sx/all/Humanati_Pacotes_Entrega/01_HDS_Documentacao/HDS_002_Color_System_v1.docx","37770","6369f3f7db5754a41427cbdfbe140cf6ac7f32bf0df08c290144ddf402c54369"
"archives/sx/all/Humanati_Pacotes_Entrega/01_HDS_Documentacao/HDS_003_Typography_System_v1.docx","37638","1da637fbc924812ff3a447ca156432e45225db15a1b8e82f25c5cac1068e40f9"
"archives/sx/all/Humanati_Pacotes_Entrega/01_HDS_Documentacao/HDS_004_Logo_System_v1.docx","37687","a2e3110733f56958449f369eaf3af6dfcda207806d4fc152051e94c5a3195787"
"archives/sx/all/Humanati_Pacotes_Entrega/01_HDS_Documentacao/HDS_005_Graphic_Assets_v1.docx","37639","827c148138d3561eac976dfbccbb25415cc5018480228fff1a0e146a82337fd7"
"archives/sx/all/Humanati_Pacotes_Entrega/01_HDS_Documentacao/HDS_006_Icon_Library_v1.docx","37660","7b85ac221cce60d411509bd211073d7149ecc17c6e6d95b6f4b984b3461513c4"
"archives/sx/all/Humanati_Pacotes_Entrega/01_HDS_Documentacao/HDS_007_Dashboard_Design_System_v1.docx","37725","e02edb36093c6b3115bfafd3b305516510ba384603862d9325cacff583c8f51a"
"archives/sx/all/Humanati_Pacotes_Entrega/01_HDS_Documentacao/HDS_008_UI_Kit_v1.docx","37850","2faa9c0bdbbac17b80be8555b97cb29038243133e92dba0d4c74ad118cd7b523"
"archives/sx/all/Humanati_Pacotes_Entrega/01_HDS_Documentacao/HDS_009_Marketing_Design_System_v1.docx","36972","671ce9d105e4bde5160212818c88550004a4f7f8d8b291269b719875aca4bf5d"
"archives/sx/all/Humanati_Pacotes_Entrega/01_HDS_Documentacao/HDS_010_Sales_Kit_v1.docx","36885","0fe1003acf7f7755e7691de3b756f14fb4a35d11dd3d1882642c7ae2a1e59a30"
"archives/sx/all/Humanati_Pacotes_Entrega/01_HDS_Documentacao/HDS_011_Asset_Library_v1.docx","36888","441b52815a583ab1bfb04fd00f0130e5409bc04bf57056c26417adb696bef662"
"archives/sx/all/Humanati_Pacotes_Entrega/01_HDS_Documentacao/HDS_012_Humanati_Illustration_System_v1.docx","37806","2cb3233e4529628cd370500f5a3c25a1214718fd7ebeb5d14a1606c5e147c32e"
"archives/sx/all/Humanati_Pacotes_Entrega/01_HDS_Documentacao/HDS_013_Humanati_Object_Library_v1.docx","37733","ea5ef87f822861b0a00a5f87e02d2a0a808f91e3f89926c5fdcfb9dad2b27fe7"
"archives/sx/all/Humanati_Pacotes_Entrega/01_HDS_Documentacao/HDS_014_Dashboard_Component_Library_v1.docx","40827","881222f405614fefa6ef98868f96c4ac441945fb96701bf32d6b02efa4c5e799"
"archives/sx/all/Humanati_Pacotes_Entrega/01_HDS_Documentacao/HDS_015_Motion_System_v1.docx","61038","2da645c34295fd5b8780d424465f57a541e2444dd715817346899c1d0adb22f7"
"archives/sx/all/Humanati_Pacotes_Entrega/01_HDS_Documentacao/HDS_017_Marketing_Campaign_System_v1.docx","37483","a88018c8ec2f90bb12c215065282df28780f36a7f15374bc72ad509e3cc008fc"
"archives/sx/all/Humanati_Pacotes_Entrega/01_HDS_Documentacao/HDS_018_Sales_Enablement_System_v1.docx","37443","8e8d7703767bd5ba311d796f2e9272159d5e0d7d818b806eda99b89815ed8b8e"
"archives/sx/all/Humanati_Pacotes_Entrega/01_HDS_Documentacao/HDS_019_Website_Design_System_v1.docx","37493","f8ce7847343247ad4a91b383e2e86cf8a61474f65d0efcfc568c02f14cb5f260"
"archives/sx/all/Humanati_Pacotes_Entrega/01_HDS_Documentacao/HDS_020_Product_Design_System_v1.docx","37398","5f4f1c19148391180b6120575bbad5f67455eeaaedf97c5603dba960bcd4e078"
"archives/sx/all/Humanati_Pacotes_Entrega/01_HDS_Documentacao/HDS_v1_Foundation_Humanati.docx","37093","3986a72eec4aa4fb00b8d4acb0341e97230f64af25e2224766d460434e06ec70"
"archives/sx/all/Humanati_Pacotes_Entrega/01_HDS_Documentacao/README.txt","126","a78a0e0969f5504953682e4981b9aac8de81672775b78305e5d06e1604a6af11"
"archives/sx/all/Humanati_Pacotes_Entrega/02_Brand_Logos_e_Master_Packages/a_clean_flat_graphic_design_brand_guideline_page.png","1500274","1b8c58d0d95c188d18c4bedf5aee2f5266ddb067739d96372aebe1413887bc33"
"archives/sx/all/Humanati_Pacotes_Entrega/02_Brand_Logos_e_Master_Packages/a_clean_graphic_design_presentation_board_brand.png","1546528","caad5b03592776f4dceea2e34e7251a4bc32354a2bf50c3bbd641fa3b62ccf7f"
"archives/sx/all/Humanati_Pacotes_Entrega/02_Brand_Logos_e_Master_Packages/a_clean_high_resolution_brand_guideline_poster_in.png","1458806","4060f9bd92c5a460efa0abe774e158e1a2df8313b9156bddf6fcf2fcb943a354"
"archives/sx/all/Humanati_Pacotes_Entrega/02_Brand_Logos_e_Master_Packages/a_clean_high_resolution_corporate_brand_guideline.png","1545956","ef7bae767551e190adf6762ed0befdeba2f972fa22c737fe18dbe375e102dc0e"
"archives/sx/all/Humanati_Pacotes_Entrega/02_Brand_Logos_e_Master_Packages/a_clean_technical_brand_identity_guideline_poster.png","1395868","0da6893663ca195437b6ac90e6ca227c148cb63607f59142ab7ca269fa92c9d4"
"archives/sx/all/Humanati_Pacotes_Entrega/02_Brand_Logos_e_Master_Packages/a_flat_graphic_design_brand_guideline_logo_maste.png","1601696","ba2d51ed3d7e3ab69d324d938a747ac65bbd9c6ff37e806af97d70434e323efa"
"archives/sx/all/Humanati_Pacotes_Entrega/02_Brand_Logos_e_Master_Packages/a_flat_graphic_design_brand_guidelines_poster.png","1482275","28b2a345c416f60b8f5ba5998e925c3d295bc25892d8df1b4408172aa97738eb"
"archives/sx/all/Humanati_Pacotes_Entrega/02_Brand_Logos_e_Master_Packages/a_high_detail_ui_brand_style_guide_poster_design.png","1600158","f762fe4c5811194376ef8668e9076b0569d6d535e1486be501bc2c086d5d1267"
"archives/sx/all/Humanati_Pacotes_Entrega/02_Brand_Logos_e_Master_Packages/a_high_resolution_brand_guideline_logo_master_pa.png","1566368","c1b8500a18a5aadd81764fcf39b3747c9db197005da5fef2d7969704df0c26fb"
"archives/sx/all/Humanati_Pacotes_Entrega/02_Brand_Logos_e_Master_Packages/a_high_resolution_dark_brand_guideline_master_p.png","1646707","8e9e247edc9bd02777459f7b499f6f0350615b258ae1974946435d5cc261eac4"
"archives/sx/all/Humanati_Pacotes_Entrega/02_Brand_Logos_e_Master_Packages/a_high_resolution_dark_themed_brand_guideline_post.png","1604413","f5712846502877328e0a9f1afbdf2c77cb095e8aaffd97420ca2de3b31bb7ab4"
"archives/sx/all/Humanati_Pacotes_Entrega/02_Brand_Logos_e_Master_Packages/a_high_resolution_dark_themed_brand_identity_sheet.png","1600083","a7a842edc3b3d9debdb354d8594d891036600efd75fdd948071ef2efeff31f82"
"archives/sx/all/Humanati_Pacotes_Entrega/02_Brand_Logos_e_Master_Packages/a_high_resolution_dark_themed_corporate_brand_guid.png","1615459","2438376ecd73220e1e0aade52f3dc191d310fb4996c3f024654241d99acc5b33"
"archives/sx/all/Humanati_Pacotes_Entrega/02_Brand_Logos_e_Master_Packages/a_high_resolution_graphic_design_brand_guideline_s.png","1506109","385ca91e9ab413568fc45cec9258d3818829255b0066d622ede07882594676b5"
"archives/sx/all/Humanati_Pacotes_Entrega/02_Brand_Logos_e_Master_Packages/a_high_resolution_graphic_design_system_brand_boar.png","1577828","bc7d6a7c610f6525e132ea7ff290eec55f7825016de5068f93899a8d07b4b5a6"
"archives/sx/all/Humanati_Pacotes_Entrega/02_Brand_Logos_e_Master_Packages/a_high_resolution_graphic_design_system_brand_gu.png","1470194","aa2deb175043772566174a1c409631685fa35a94981fe25a82ace62d1f3871b7"
"archives/sx/all/Humanati_Pacotes_Entrega/02_Brand_Logos_e_Master_Packages/a_polished_dark_ui_brand_guideline_poster_master.png","1685167","f15b6cc444175991e495b264613e0134a7dfc189d2b25121e8304c11c20950e3"
"archives/sx/all/Humanati_Pacotes_Entrega/02_Brand_Logos_e_Master_Packages/Humanati with Vibe Coding.png","24236","cfe37d3b7b7ec394d0684a62f3539d670c72c9aee7b699730ff00e5e93590013"
"archives/sx/all/Humanati_Pacotes_Entrega/02_Brand_Logos_e_Master_Packages/Humanati with Vibe Coding_20260801_091011_0000.png","28199","5dc933ceef4663498597f06adb183191bc429fa9aceaead626cc3a13d74400fc"
"archives/sx/all/Humanati_Pacotes_Entrega/02_Brand_Logos_e_Master_Packages/Humanati_H_Exact_SVG_Package.zip","2197","650ff467d87b78c0beeff0078c4d7ec554f4b157b06e3b22f2a4b2cb1ab86851"
"archives/sx/all/Humanati_Pacotes_Entrega/02_Brand_Logos_e_Master_Packages/Humanati-with-Vibe-Coding.svg","6795","cd9e55c9bc1676525a5a1a0d67cbebd7c115c02f7d080525b322bad60ba07c2c"
"archives/sx/all/Humanati_Pacotes_Entrega/02_Brand_Logos_e_Master_Packages/README.txt","139","9119d5e76d39f64287ef5f9fe4d3fbb641af97c7a4108e72d7348f0957e11e99"
"archives/sx/all/Humanati_Pacotes_Entrega/02_Brand_Logos_e_Master_Packages/wide_infographic_brand_style_guide_poster_on_a_dar.png","1621201","62058c9f181522264ebe7f5a000698d9d81c62cb16957ae7dbdf1363267a708d"
"archives/sx/all/Humanati_Pacotes_Entrega/03_HBG_Background_Library/a_clean_graphic_catalog_poster_ui_layout_on_a_da.png","1928279","649450aab6c8aafe41347a0a70c21e496353bc71019f44c90e6df363adcb0ff0"
"archives/sx/all/Humanati_Pacotes_Entrega/03_HBG_Background_Library/a_clean_high_resolution_catalog_grid_poster_graph.png","1867114","0ee8a436f15e47536328db519d14a32a24ba2383af2cfb572a5221e1a90d1056"
"archives/sx/all/Humanati_Pacotes_Entrega/03_HBG_Background_Library/a_clean_high_resolution_graphic_design_catalog_pa.png","1904553","5896ea081ce9a2f7a58be723c8ad579ef39716f863f0935ea711703da54c881a"
"archives/sx/all/Humanati_Pacotes_Entrega/03_HBG_Background_Library/a_clean_high_resolution_graphic_layout_ui_mocku.png","1484419","5771c87439b33f0f161c08988335d53c73ca259f8a0d365b452936a4ba0b997b"
"archives/sx/all/Humanati_Pacotes_Entrega/03_HBG_Background_Library/a_clean_high_resolution_graphic_mockup_of_a_design.png","1699401","a7a8428db153f63e6b4d8925adecaaf6ae4634330cbbb75f27e8313dab52a332"
"archives/sx/all/Humanati_Pacotes_Entrega/03_HBG_Background_Library/a_clean_high_resolution_ui_graphic_design_poster.png","1802970","41dbce886d97b915edbc3ed4b9c7dc7c7d583c37036b79b118926ce233094e00"
"archives/sx/all/Humanati_Pacotes_Entrega/03_HBG_Background_Library/a_clean_modern_dark_ui_promotional_graphic_back.png","1911838","e07138ce1fc8a2b96ff2e2e824fb2a30f268de257c545381dea40a301c182719"
"archives/sx/all/Humanati_Pacotes_Entrega/03_HBG_Background_Library/a_dark_high_tech_graphic_showcase_poster_previe.png","1622922","30598be25b966d29dc6d239593b1f37719a72dfab88b259f483458526234b707"
"archives/sx/all/Humanati_Pacotes_Entrega/03_HBG_Background_Library/a_high_resolution_clean_ui_poster_preview_panel.png","1770019","e49de46ad7da60b17e7d245e8b90a0097c8e0548d70f5d8208b088ba481b4d8c"
"archives/sx/all/Humanati_Pacotes_Entrega/03_HBG_Background_Library/a_high_resolution_dark_sci_fi_tech_ui_product_s.png","1745221","30c7859f734deb639b63640c2e9fa8f3bbbba18c5339fdfb850a0890496b7fde"
"archives/sx/all/Humanati_Pacotes_Entrega/03_HBG_Background_Library/a_high_resolution_futuristic_interface_marketing_p.png","1742977","abb6e7cdec8c121e0f134e0dce434dc7272185fc215a89adfce144ba5ac4cfc1"
"archives/sx/all/Humanati_Pacotes_Entrega/03_HBG_Background_Library/a_high_resolution_futuristic_ui_poster_layout_im.png","1899520","14aa52e31654579ff1263aef38c21845ea210614c4b52ce4c5d6ec707dc65f52"
"archives/sx/all/Humanati_Pacotes_Entrega/03_HBG_Background_Library/a_high_resolution_mockup_thumbnail_sheet_image_ov.png","1997258","97baf6c8b705be9f571a03d1fccb965d259ba09f5b64e84b592d61cb6608c985"
"archives/sx/all/Humanati_Pacotes_Entrega/03_HBG_Background_Library/a_high_resolution_promotional_catalog_grid_image.png","2004066","c9accecceb5ef1605abd5809c4179b3d2b395d2e410f94e059ff6068110b8b70"
"archives/sx/all/Humanati_Pacotes_Entrega/03_HBG_Background_Library/a_high_resolution_promotional_catalog_poster_ui.png","1961924","627e882364f554f537f5bef07033b4be0b7909081b2a2b12f2376db217ebe5cb"
"archives/sx/all/Humanati_Pacotes_Entrega/03_HBG_Background_Library/a_high_resolution_promotional_poster_catalog_pag.png","2104657","b0de36fb4b0532ed447a8b9abcd3682a0ce74cc173d593e9782730749ab15a94"
"archives/sx/all/Humanati_Pacotes_Entrega/03_HBG_Background_Library/a_high_resolution_sci_fi_corporate_background_prev.png","1645338","b8397d7de26fd1b2e2b8f76ef723fa01eeaa51258f7779ee864836bcfcad4f87"
"archives/sx/all/Humanati_Pacotes_Entrega/03_HBG_Background_Library/a_high_resolution_sleek_dark_ui_marketing_preview.png","1724383","5f22bd7a9cfe7c7a703b2052f0fe191085c8715544b9db22839005fcb8aacea8"
"archives/sx/all/Humanati_Pacotes_Entrega/03_HBG_Background_Library/a_high_resolution_ui_mockup_dashboard_style_prod.png","1886969","a31705f08b1c42890a43271c0256ecf0aef0aad9e25b9c0e76974ba8f4f7ef67"
"archives/sx/all/Humanati_Pacotes_Entrega/03_HBG_Background_Library/a_polished_dark_ui_graphic_design_showcase_poster.png","1728927","362713f6df626d130ac5021f61edf403d4cc51181e75c0f819ecb5dd449104c0"
"archives/sx/all/Humanati_Pacotes_Entrega/03_HBG_Background_Library/a_wide_high_resolution_design_presentation_asse.png","1864840","a3ae0e564bc9777e148ba603c1bb734758cc14a3edf0bc0fd38bd1d1360fd0f0"
"archives/sx/all/Humanati_Pacotes_Entrega/03_HBG_Background_Library/a_wide_high_resolution_graphic_design_product_she.png","1742262","700db5749dee68f1f6721ee3abc8c6e5025828abcc15ef8d71933cfdb1383615"
"archives/sx/all/Humanati_Pacotes_Entrega/03_HBG_Background_Library/README.txt","132","cd6299a66fad4a264fb2da9b30d5f45e38e275b99ba9409859c56d9496699b68"
"archives/sx/all/Humanati_Pacotes_Entrega/04_HDF_Data_Flow_Library/a_clean_dark_themed_tech_catalog_poster_interfac.png","1757899","dbb9647d7a7a2d844198a82d633ce0cdc9bfdabc11e9eeb1df26d7700579a766"
"archives/sx/all/Humanati_Pacotes_Entrega/04_HDF_Data_Flow_Library/a_high_resolution_graphic_ui_poster_catalog_styl.png","1717788","0bfd1078a848a86bd77e820b4f2110083032e6d1e8cdb188db266a247f68c89c"
"archives/sx/all/Humanati_Pacotes_Entrega/04_HDF_Data_Flow_Library/a_high_resolution_promotional_catalog_library_sh.png","1858396","2af3f0d19d43237ca7709ad52f667bd7437576bd3d7df87d3630ad59ef9e12fc"
"archives/sx/all/Humanati_Pacotes_Entrega/04_HDF_Data_Flow_Library/README.txt","130","2e98794268911347b868c0da3a7da839b4e309da5714e090b1b10d7b446d96f6"
"archives/sx/all/Humanati_Pacotes_Entrega/05_HGL_Glass_UI_Library/a_high_resolution_ui_design_showcase_poster_prod.png","1779863","c759cad6bde3b716059a7ff445dea5baaa4644b988d2543d31b351ae57a0f883"
"archives/sx/all/Humanati_Pacotes_Entrega/05_HGL_Glass_UI_Library/README.txt","129","694e5db0f8ea713046cfd02825478c9ad52627d1b90ebb304ae57476774453f6"
"archives/sx/all/Humanati_Pacotes_Entrega/06_HIC_Icon_Library/a_wide_high_resolution_ui_graphic_preview_poster.png","1677790","8487dc8ef0e9fa52f89da50ff7166e75e4150e3cba55f74e09596db802ab8b5d"
"archives/sx/all/Humanati_Pacotes_Entrega/06_HIC_Icon_Library/README.txt","125","2d30b1cf62793f94f6e692f9963099db53fe86e5c8230855549fbfc80f3b819c"
"archives/sx/all/Humanati_Pacotes_Entrega/07_HUD_Dashboard_Library/a_high_resolution_dark_themed_ui_design_showcase.png","1620397","cb21bea19724c50aa00e109d3c9182f2c25bdad6bba9792e54cca4cb6b01bc53"
"archives/sx/all/Humanati_Pacotes_Entrega/07_HUD_Dashboard_Library/README.txt","130","837c8a98c8c7ef7babb4bb448177419969d3ed43cab1fcbf3b419d4c288c305d"
"archives/sx/all/Humanati_Pacotes_Entrega/07_HUD_Dashboard_Library/wide_dark_tech_ui_poster_dashboard_component_lib.png","1806091","b04247cd5688caf86a69306a0cd0e2f99064b225eb09c395bf1ac5a7963e18d7"
"archives/sx/all/Humanati_Pacotes_Entrega/08_Product_e_Design_System_Concepts/a_high_resolution_dark_themed_infographic_design.png","1778810","88b86dc478fd98bade000ce45bc7195f997cf5d8553c0783c1d7dc145ef61f25"
"archives/sx/all/Humanati_Pacotes_Entrega/08_Product_e_Design_System_Concepts/a_high_resolution_ui_ux_presentation_poster_dash.png","1803341","30f543ecb1651924f662857ada849d699125ca3175a33f6b175d11ad930bdc13"
"archives/sx/all/Humanati_Pacotes_Entrega/08_Product_e_Design_System_Concepts/a_wide_high_resolution_infographic_dashboard_style.png","2001740","4b15c75da6120937cba56bf1ed33bf403ecb93789ed65338cf6593941ecef709"
"archives/sx/all/Humanati_Pacotes_Entrega/08_Product_e_Design_System_Concepts/README.txt","141","e035851685804626b9497fe6a42cd5147f341a90288b5ac4b47ba52993e01b88"
"archives/sx/all/Humanati_Pacotes_Entrega/09_Website_M1/a_clean_corporate_help_center_faq_web_page_scree.png","1488921","b22a4d69644e04f689b5ad87556dc96889a56d8fd10dac1e2c254ce7382e9459"
"archives/sx/all/Humanati_Pacotes_Entrega/09_Website_M1/a_clean_corporate_saas_landing_page_screenshot_in.png","1500933","1a412a92e6d3c264260b2a4deb39092ace2ac396a9b57a6284c5e914cad89302"
"archives/sx/all/Humanati_Pacotes_Entrega/09_Website_M1/a_clean_dark_white_ui_design_presentation_image_sh.png","1696016","96d1e1905977c9751180ea422c3b6aa5a58b44e4303f2134b808b6305d600b74"
"archives/sx/all/Humanati_Pacotes_Entrega/09_Website_M1/a_clean_high_resolution_ui_design_wireframe_mock.png","1574857","ea7904016d29499f15eac25d001223ec667ce5fa460a88f4d55352a829de513b"
"archives/sx/all/Humanati_Pacotes_Entrega/09_Website_M1/a_clean_modern_corporate_website_sobre_a_humanat.png","1737367","9cabd48cb6b2f763bb5f1075c3bc91de24131bc6e6ce120dca8037d8690c0321"
"archives/sx/all/Humanati_Pacotes_Entrega/09_Website_M1/a_clean_modern_saas_login_page_ui_screenshot_lik.png","1546309","918f47f0f9aa2a0970c9c93e5d3586045086537b4dd961f3a0f636aaa0917900"
"archives/sx/all/Humanati_Pacotes_Entrega/09_Website_M1/a_clean_modern_saas_product_landing_page_screensh.png","1576116","c42da3ed3d79868fbd591f078cdff66a5c72acb2ee92455410d1e6708cfd1058"
"archives/sx/all/Humanati_Pacotes_Entrega/09_Website_M1/a_clean_modern_website_contact_page_screenshot.png","1553937","77f650adf6b06f46f9e9221a1ac7cfc35dec61a430fb3e48ca6b5802a9f3a642"
"archives/sx/all/Humanati_Pacotes_Entrega/09_Website_M1/a_full_page_website_screenshot_clean_corporate_sa.png","1708623","61fca8c52cbd5c99c84b84a7d0cbc66ca4346f07c62e709c1cec7bdfa4a62aca"
"archives/sx/all/Humanati_Pacotes_Entrega/09_Website_M1/a_full_width_high_resolution_web_landing_page_scr.png","1661091","382db692b846ddda98071d942a1a27fd0f42ab31581b1e899e754b7131798aff"
"archives/sx/all/Humanati_Pacotes_Entrega/09_Website_M1/a_high_resolution_dark_themed_marketing_landing_pa.png","1645307","dbdb42b52a2a1cb7dce7ae38a0b98c3a6e7c711df2f034cd56f2fec49d7a8770"
"archives/sx/all/Humanati_Pacotes_Entrega/09_Website_M1/a_high_resolution_dark_ui_design_system_brand_gu.png","1579766","bb86a07bf723d5ec23a5b725545b93cdc5e00f8b6c423ac70d1ab56570bddc1c"
"archives/sx/all/Humanati_Pacotes_Entrega/09_Website_M1/a_high_resolution_screenshot_mockup_of_a_softwar.png","1726213","87f783ccba347d919f16f4118f969148925c070f55afbc55d4aa4bb94d9f8a98"
"archives/sx/all/Humanati_Pacotes_Entrega/09_Website_M1/a_high_resolution_screenshot_of_a_modern_saas_corp.png","1656762","3a4e137d16ab9f5a13db7035b3e977844488020a8d0f2a8a4f10cdd67b193607"
"archives/sx/all/Humanati_Pacotes_Entrega/09_Website_M1/a_high_resolution_ui_dashboard_screenshot_mockup.png","1631311","22fad7ed9a4702d457970ce4e0fe44714a8ca400a2b4c27035d54fc171bd4028"
"archives/sx/all/Humanati_Pacotes_Entrega/09_Website_M1/a_high_resolution_ui_ux_dashboard_screenshot_of_a.png","1463546","d11959d1437d8d5d26db0b64b673cdf360bf9dce19a8622ef3a2f7796d8e4d93"
"archives/sx/all/Humanati_Pacotes_Entrega/09_Website_M1/a_high_resolution_website_app_product_landing_page.png","1707493","459dd7c938854f176e55c45de649d555fd3818ce7bd75aea721094d72d96049b"
"archives/sx/all/Humanati_Pacotes_Entrega/09_Website_M1/a_high_resolution_website_landing_page_careers_p.png","1802854","d41c5f9d108ec0e87acba991dbd1fd5ed84da1c61d67cfde793265ad92c5c3d5"
"archives/sx/all/Humanati_Pacotes_Entrega/09_Website_M1/a_wide_clean_modern_website_landing_page_dashb.png","1665938","e82174e5e011f56fde36540ae678d2fed6cae593b56b1b6f0ce69c36cb701f42"
"archives/sx/all/Humanati_Pacotes_Entrega/09_Website_M1/README.txt","120","e7b82a6d46102c39d3aaa3a62e6fa5eb1ac8cada7eebe36f0c2159a97b9e045f"
"archives/sx/all/Humanati_Pacotes_Entrega/10_Marketing_e_Social/a_clean_corporate_marketing_image_mockup_in_two_fo.png","1657534","de59b2f46a7df27e9b8859356e754df4731f2ff6488806acdb4e4254d36da383"
"archives/sx/all/Humanati_Pacotes_Entrega/10_Marketing_e_Social/a_clean_corporate_marketing_layout_presentation.png","1845240","a9455647cf6a474f3417ee4dbe8ae083bfbca08bcdb3cfab7f88db5bd1ab1cba"
"archives/sx/all/Humanati_Pacotes_Entrega/10_Marketing_e_Social/a_clean_corporate_marketing_social_media_post_la.png","1757266","cdeda4fc943d392d806911255f814b3fac18afa24c155af703015a4f831b0f33"
"archives/sx/all/Humanati_Pacotes_Entrega/10_Marketing_e_Social/a_clean_high_resolution_marketing_brand_asset_she.png","2009948","dbaaf09901be812c47282c3c500b9585024dd357e008842c99cec9aa8fa74387"
"archives/sx/all/Humanati_Pacotes_Entrega/10_Marketing_e_Social/a_clean_high_tech_digital_marketing_ui_scene_s.png","1806974","560c0a1624a2c89253a362e47697e21921d1de9d13b276f3342f53f39b353b16"
"archives/sx/all/Humanati_Pacotes_Entrega/10_Marketing_e_Social/a_clean_marketing_campaign_layout_moodboard_post.png","1925521","2c4d49197c5cda3514c66c392d8109bba7fee42f886a8fc4e4fbcd887af42fe9"
"archives/sx/all/Humanati_Pacotes_Entrega/10_Marketing_e_Social/a_clean_modern_marketing_social_media_design_mock.png","1684255","f25ff1105c93f26d8dff349dac093ced132e718c4e2842c87d060bfdf91fbb0e"
"archives/sx/all/Humanati_Pacotes_Entrega/10_Marketing_e_Social/a_clean_professional_marketing_poster_social_me.png","1823147","5839ac114a1f214f88bf7c513350310a2959695db303e6afd58f9b88b048a450"
"archives/sx/all/Humanati_Pacotes_Entrega/10_Marketing_e_Social/a_graphic_design_social_media_ad_poster_style_im.png","1697637","00d4b35c5c910fe0df8140b261df7f71719e54b4f7c6f08f564d8f62d4cab145"
"archives/sx/all/Humanati_Pacotes_Entrega/10_Marketing_e_Social/a_high_quality_corporate_marketing_graphic_socia.png","1652592","9f19702c59eb352aa341166454b7830dec934d1365e14303c6e45ee6bac3fa86"
"archives/sx/all/Humanati_Pacotes_Entrega/10_Marketing_e_Social/a_high_res_corporate_social_media_post_design_mock.png","1702117","8c6bc16bb57d6dbb2e5347838bc33a09a2bade47375ee316228ed65c29814569"
"archives/sx/all/Humanati_Pacotes_Entrega/10_Marketing_e_Social/a_high_resolution_corporate_marketing_poster_inf.png","1855992","5eefe78508b47b43cc4e9ca371f6bc1e4154a662f29c64ac9131303eac5daa59"
"archives/sx/all/Humanati_Pacotes_Entrega/10_Marketing_e_Social/a_highly_detailed_modern_corporate_tech_marketing.png","1811188","e5c96572716c186aa9f6bcc9101abb823633b043b2dd494cf55c303cf6bbe47d"
"archives/sx/all/Humanati_Pacotes_Entrega/10_Marketing_e_Social/a_tall_vertical_cinematic_tech_marketing_poster.png","1955516","f2f5de7b2ef7df10c740828ba98a13fdb1096e0a35fc29c35c6ca8ad07e97b90"
"archives/sx/all/Humanati_Pacotes_Entrega/10_Marketing_e_Social/a_tall_vertical_corporate_marketing_poster_socia.png","1624380","c46496c5d07a00151a1ba30a359494a375d9abc2f748876233f7707a81030df6"
"archives/sx/all/Humanati_Pacotes_Entrega/10_Marketing_e_Social/a_tall_vertical_digital_marketing_poster_infogra.png","1627221","bcb4b7689fd5d32118ebfd4de1c78f436a3a5ea9acddd412248bce28e1ddacca"
"archives/sx/all/Humanati_Pacotes_Entrega/10_Marketing_e_Social/a_wide_high_resolution_ui_marketing_design_mockup.png","1879560","67956a9f98f886fda6c0c946460e6136b0de78f6b85f99fd0d58bdca09a8c23b"
"archives/sx/all/Humanati_Pacotes_Entrega/10_Marketing_e_Social/Plano_Marketing_Humanati_2026.docx","57010","d7e6b45e84d7b68f7dbc1607de31263d03595f9699b22dc9911b730f42cb6877"
"archives/sx/all/Humanati_Pacotes_Entrega/10_Marketing_e_Social/Post02_1x1.png","1091266","84406b0e3a6aa48ba6ca3d769241ec58e8eb6c643628a0e4f443186bf6e7b4d7"
"archives/sx/all/Humanati_Pacotes_Entrega/10_Marketing_e_Social/README.txt","128","247c91b454d8907482b644ce751621d47a03f229264b4cb3288116a87bcacb67"
"archives/sx/all/Humanati_Pacotes_Entrega/10_Marketing_e_Social/Story02_9x16.png","1333083","a8c0183e4ed2e33b174c634dede6dc4121ed4f6339260e456bb2616187851ecd"
"archives/sx/all/Humanati_Pacotes_Entrega/11_Arquivos_Fonte_Recebidos/373422.png","394514","84db3ae2202415e46c44d0418466a7b53e465ad912172d2f551de15bf4c53e1e"
"archives/sx/all/Humanati_Pacotes_Entrega/11_Arquivos_Fonte_Recebidos/b1991c37-6691-4fa7-a2a0-b0a39bf92e33.png","1076","6636317e1c8a79fdc661122b684dfed721dfa01fd19c391f00fcb45f168f984b"
"archives/sx/all/Humanati_Pacotes_Entrega/11_Arquivos_Fonte_Recebidos/ChatGPT Image 1 de ago. de 2026, 15_28_00(1).png","2433666","72526d035b095006a3b5e9a47789b2a1dd2379f57d355a0e371e02d7e12b4a8b"
"archives/sx/all/Humanati_Pacotes_Entrega/11_Arquivos_Fonte_Recebidos/ChatGPT Image 1 de ago. de 2026, 15_28_00.png","2433666","72526d035b095006a3b5e9a47789b2a1dd2379f57d355a0e371e02d7e12b4a8b"
"archives/sx/all/Humanati_Pacotes_Entrega/11_Arquivos_Fonte_Recebidos/ChatGPT Image 1 de ago. de 2026, 18_56_29.png","2080067","38c77fed5384678094bf1e2bfc31a5e2eaa65bcc21383cf3d098fe78de7193ce"
"archives/sx/all/Humanati_Pacotes_Entrega/11_Arquivos_Fonte_Recebidos/d7761607-7640-4c33-81b1-e4fa9425dc3c.png","619919","7f6ae7003741dccc1da8fa46c9dd96e4f65e3cb796dd56e3685902866eb75001"
"archives/sx/all/Humanati_Pacotes_Entrega/11_Arquivos_Fonte_Recebidos/README.txt","133","2ed85766d18baccfdcf603c95ae13d45b2a9216f49c7e0392bcb12a7f66bd640"
"archives/sx/all/Humanati_Pacotes_Entrega/12_Outros_Artefatos_e_Variacoes/a_clean_corporate_branding_identity_presentation_s.png","1525631","91f6b9f84af9f78d38e4382d60182c5367a2a6e7d3d6eea2b6cbc1c9062a4d5a"
"archives/sx/all/Humanati_Pacotes_Entrega/12_Outros_Artefatos_e_Variacoes/a_clean_flat_layout_mockup_composite_image_of_a_m.png","1936314","d6290128f883d505bf89ab06201c1bc8c98bf3c1a39ce36e9924fb21c7b33811"
"archives/sx/all/Humanati_Pacotes_Entrega/12_Outros_Artefatos_e_Variacoes/a_clean_high_quality_corporate_brand_guideline.png","1782351","d9e7b01c23a21d3137a01f7dc8d2d9ffaa36b52b0617bf915c97b2554def867b"
"archives/sx/all/Humanati_Pacotes_Entrega/12_Outros_Artefatos_e_Variacoes/a_clean_high_resolution_brand_guideline_identity.png","1765698","2d4c26922681e177d5e0ce73306e74d2b0c44bc2815c27543939b83bf5ba21e1"
"archives/sx/all/Humanati_Pacotes_Entrega/12_Outros_Artefatos_e_Variacoes/a_clean_high_resolution_ui_design_presentation.png","1832931","fe564efac85230b68bc746e26abe4a7c5e7303c60363571f6cc6b5330e41c9f2"
"archives/sx/all/Humanati_Pacotes_Entrega/12_Outros_Artefatos_e_Variacoes/a_high_detail_cinematic_3d_render_photo_realist.png","1926195","6563df0528a86137d6e3087ab348a29eee0132f53857353337ea78a50c2ba371"
"archives/sx/all/Humanati_Pacotes_Entrega/12_Outros_Artefatos_e_Variacoes/a_high_resolution_brand_identity_board_style_gui.png","1778289","47e1ffca5804d126a3cb017b3d93370b22793a1438e2cdd4f975f57a20fb0c9d"
"archives/sx/all/Humanati_Pacotes_Entrega/12_Outros_Artefatos_e_Variacoes/a_high_resolution_stylized_3d_cg_corporate_techno.png","1675763","e670785e608936a2f0f115575e886563a7c80ca9788ab2bd5553547ebc9c65ac"
"archives/sx/all/Humanati_Pacotes_Entrega/12_Outros_Artefatos_e_Variacoes/a_high_resolution_website_landing_page_screenshot.png","1673015","b9cefc4b0e66e3817abefbe8ed33c9de50ffcc5ab6f4976bb8a7562ba0fa3347"
"archives/sx/all/Humanati_Pacotes_Entrega/12_Outros_Artefatos_e_Variacoes/a_high_tech_corporate_control_room_data_operatio.png","1915814","37f3d866cfb6d3e1239459a419011986c028e93abbd345ae6add397c8c58c621"
"archives/sx/all/Humanati_Pacotes_Entrega/12_Outros_Artefatos_e_Variacoes/a_high_tech_dark_blue_corporate_dashboard_market.png","1777575","51054f18722326929204737af86cf51228249a3649f383cdec658fef1d982af3"
"archives/sx/all/Humanati_Pacotes_Entrega/12_Outros_Artefatos_e_Variacoes/a_high_tech_futuristic_digital_illustration_3d_r.png","1813693","bf574ff173490a9064382800f67c0eee01a7ed7839458d31957118c75b8eac0f"
"archives/sx/all/Humanati_Pacotes_Entrega/12_Outros_Artefatos_e_Variacoes/a_high_tech_futuristic_office_tech_scene_rendered.png","1676770","0a29f6dd011027cc2a1ca1d99de210b7f099c3890941ca67dd6320c4c05d888a"
"archives/sx/all/Humanati_Pacotes_Entrega/12_Outros_Artefatos_e_Variacoes/a_wide_clean_corporate_brand_guideline_identity_b.png","1704861","d9bd898111d88b526efd07d558233338ddb6570c166a651ae90b1f0be52d2caa"
"archives/sx/all/Humanati_Pacotes_Entrega/12_Outros_Artefatos_e_Variacoes/a_wide_clean_modern_corporate_brand_guideline.png","1905068","af2c7fe4e8840a9c9c83c94ebf1978d7326a8089db6fc196adc803d186148244"
"archives/sx/all/Humanati_Pacotes_Entrega/12_Outros_Artefatos_e_Variacoes/a_wide_dark_themed_corporate_brand_identity_board.png","1743759","1fac5765a2ba6e6a8345802d3c699afae13d452c56963d6e41dee2478914eea7"
"archives/sx/all/Humanati_Pacotes_Entrega/12_Outros_Artefatos_e_Variacoes/a_wide_high_resolution_ui_ux_design_presentation.png","1872341","c2c62af9bd53d752d1fcfc41c89fe1b15e4d1df80581ce6f1a63aa2398fd4171"
"archives/sx/all/Humanati_Pacotes_Entrega/12_Outros_Artefatos_e_Variacoes/README.txt","138","536ca32216189ee6e7331e54cbd1f137d08a7c4b003e5e2182970b6f08076f2c"
"archives/sx/all/Humanati_Pacotes_Entrega/INVENTARIO_GERAL.csv","11866","626b7a9a944940958e4e87b4fe7b62c6bb066ff68a88b0c8f50058a0e71f137b"
"archives/sx/all/Humanati_Pacotes_Entrega/LEIA-ME.txt","480","a833ac03d5faff9f49d69a8b0d922031335ad0abbb56954f28aaf1b534970569"
"archives/sx/manifest.json","226","2b6b9793f500f4f367666e1461aecb7972b5273d873ede8dcc79ec7c67518d4d"
"artifact-gallery/artifacts.json","644612","b5e478ec17824c2858a1e3e6400918679f812e6394e12f95e1dcb6518ce88fb2"
"artifact-gallery/gallery.css","11376","06eece4ad244553d1d24e7e0222ba2bbd32b987c308c0d107f6be312b27ed1d0"
"artifact-gallery/gallery.js","8628","0f4afa0a06bbd032eaaab22022dd4502d24f52907053c9c5cb63a06f6d64c569"
"artifact-gallery/index.html","3874","d802791e1aba51e22e4bc7d642a3d7f05ad49efb7e6aab9dfb3ccb82aa0c688f"
"backgrounds/backgrounds.css","1112","a224150e4587009b5ef8c3d012340d226c0477d84fa3a9f94b9cd3f8586b1a74"
"backgrounds/index.html","840","6bf4f1848001f7e640390e08e81f948f13e8fd55f5283ceb5d43d3def4a6af74"
"branding/BRAND_SOURCES.md","1452","148718b881f77f6e9ae13ef430378ee33b993bc584cc44d993a198a97b93b711"
"branding/docs/manifest.json","3144","f6a54aa76735d6524e3beea9eef20fb0e15cfa92a9d9723b657d700b0cbed5e2"
"branding/docs/README.txt","859","05b7ef32a6daa2e759e7b9b0ea6c90305eac9b409939a50ad8a5be85de69a922"
"branding/favicons/humanati_favicon.ico","7872","cfd1cfce9cd06efd4b8daf3141dcff563d938ed63c8ee279c12803ab458204e3"
"branding/favicons/humanati_icon_128x128.png","1653","3f1e58e732000bca14f841165d67710516df62f8c6ffab3b767a2756efd436e0"
"branding/favicons/humanati_icon_16x16.png","420","4d6db585ea01fa938721e27546fce9d181c3821af266275346c6971f75151da9"
"branding/favicons/humanati_icon_180x180.png","2172","30aeae1587ffb97b79b07096c494b31d483313f6c40c7e543ec2530d01ecd994"
"branding/favicons/humanati_icon_192x192.png","2254","5b00d39b594f9d95e71c99039bf8dcef62b1f412f5feaccadf118685dfd04762"
"branding/favicons/humanati_icon_32x32.png","726","34f00c0442ce5c3f8d57135fea55444beeed284d5f0a5fc580b473412e5d64d7"
"branding/favicons/humanati_icon_48x48.png","899","4cee9b4ce37ca3554e2cfa4864d31a614977dd51fdc2c69a845d15a00c22dae0"
"branding/favicons/humanati_icon_512x512.png","4144","301f7932a4f0e1195afb21357f83c134f0050b817cdeaa07267ddb4543c74ee8"
"branding/favicons/humanati_icon_64x64.png","1030","b6163bc0c81c73d98b062c64d21bca69ac9c73b3ab334689a8668de97f287413"
"branding/pdf/humanati_horizontal_humanati_blue.pdf","5093","b73dc592d982c49500cd9e03ba735f5eb4ffe4e8c0f2f8a2ee4f5c47310b8139"
"branding/pdf/humanati_horizontal_monochrome_dark.pdf","5105","71b3e14695705480c978fccd4748ef0d66bb6b708e541ee4c9c7ac3142e48118"
"branding/pdf/humanati_horizontal_negative_white.pdf","5090","46f319572f2060ee5f36011d00e0e31a1be86f557c47ed5f2d90a2552e3fe96e"
"branding/pdf/humanati_horizontal_original_black.pdf","5088","bb396efaa39ee1e102fc0bd2a678167b73cd7045e7708ea291c5cdf41f7925f2"
"branding/pdf/humanati_symbol_humanati_blue.pdf","1345","82ddf70ab7940d6c274c52799f2d06b83729e2b8ec8878939b4e19b7558e09b1"
"branding/pdf/humanati_symbol_monochrome_dark.pdf","1356","326914b01f3c4b4829ba8aeecbc9b508b3b6e91ffa6ee543138183a6409b8ab1"
"branding/pdf/humanati_symbol_negative_white.pdf","1342","041085840c38bd56445ba66115aae166e05e546793d1d1391288763d9564a740"
"branding/pdf/humanati_symbol_original_black.pdf","1343","af7c012d6e0ee4114d02f0a9ff914e0a922869277ef211cc2cc6a2989adaf138"
"branding/png/Horizontal/humanati_horizontal_humanati_blue_1024px.png","28084","eb7f9c4fc4fea797c67597f93e5ecd2cc82fef728db41e0a3bd2098c2b11e61f"
"branding/png/Horizontal/humanati_horizontal_humanati_blue_2048px.png","64207","68faef4e29ee3b4a1a03326bebc350528b6e733cda2b29ad61715561ef271a3e"
"branding/png/Horizontal/humanati_horizontal_humanati_blue_4096px.png","161922","faa28a8db3821b19706584c35be4ea364f2b28669a56dc88cfbae42911392ceb"
"branding/png/Horizontal/humanati_horizontal_monochrome_dark_1024px.png","31917","8a23faf878d030e611cb4771db17a0bad668abac3780a30c31c4d6153c492628"
"branding/png/Horizontal/humanati_horizontal_monochrome_dark_2048px.png","71827","8fcd4f7b024ee254a58cb35e3180d0978f24b817ef53e1713664d2aaa626cb6d"
"branding/png/Horizontal/humanati_horizontal_monochrome_dark_4096px.png","177189","9e9326f09a9fefc471cd0d7c04ed168cd588f5ae4615f078d7667fc374774dc4"
"branding/png/Horizontal/humanati_horizontal_negative_white_1024px.png","25311","9366403ece73ae4b6f5bb7426331af250ffbbbaf43bf0f7ff45fff7b6fd0f858"
"branding/png/Horizontal/humanati_horizontal_negative_white_2048px.png","58744","5cb87037700674b7483db3e70c4b696b99ef27cb3fe9f529313df5b6d0daf119"
"branding/png/Horizontal/humanati_horizontal_negative_white_4096px.png","151592","9d0dc8cd5e060c8e3d0fce35a38b3f12c1fcfa8c6ca089052c8dec100c649ebe"
"branding/png/Horizontal/humanati_horizontal_original_black_1024px.png","23629","f9b04c799775a0e607903989c9837a6811ed7be3564d9b199af34d8c445977f8"
"branding/png/Horizontal/humanati_horizontal_original_black_2048px.png","55570","835a5cc8ffb0244adb15657804e629d4d92c6eb46eb7fac3eec1c15079d61dea"
"branding/png/Horizontal/humanati_horizontal_original_black_4096px.png","144822","58a44693992fd1e39840bf481f2ead08fcf92431e057dedcc4154e21ebc0a07c"
"branding/png/Symbol/humanati_symbol_humanati_blue_1024px.png","10183","e0368baf334059b39dcc0214936936b1d6f12370ad930356e13acd6282daa5fe"
"branding/png/Symbol/humanati_symbol_humanati_blue_2048px.png","28143","854b7d0abb0c9be76d376d9b8fa9d9302c0810140c81a7acc909ca7326f966fc"
"branding/png/Symbol/humanati_symbol_humanati_blue_256px.png","2056","5898042b07cfd67eb0045a1599eb3d50d5597a746ae2060a76e0a0996857386a"
"branding/png/Symbol/humanati_symbol_humanati_blue_512px.png","4161","8ba528902b7fe055fe02616564bdfe223077762309b1a81d7537fff2426a7dad"
"branding/png/Symbol/humanati_symbol_monochrome_dark_1024px.png","10714","44ee48ac2c0cb5e5dc0569e68776bb646b73457dfbe7b440dfa31ea3182a5f54"
"branding/png/Symbol/humanati_symbol_monochrome_dark_2048px.png","29186","e9ee0008089f42f276d13108ff2ef00e286c39ed368b2813473c034934230b27"
"branding/png/Symbol/humanati_symbol_monochrome_dark_256px.png","2166","5bbcecae002c6d1fd73a632b697f3e659f7abb91c97027211753e824326c76c6"
"branding/png/Symbol/humanati_symbol_monochrome_dark_512px.png","4412","092a8a17f54342c4c7536b3824a9324280971ce50c3d3feb152515990a84f9f3"
"branding/png/Symbol/humanati_symbol_negative_white_1024px.png","9714","6f8a355393772a3ac0930da558ee85e991f733a5c580fe988df215844d8b6b82"
"branding/png/Symbol/humanati_symbol_negative_white_2048px.png","27105","c3b372f7c8155d4c5885ab80fbc936571732ba7f14339cdfd6508bc2cb028fe1"
"branding/png/Symbol/humanati_symbol_negative_white_256px.png","1857","83f77ebff6a5a0f18b1a11337bc1405c166eaacdcf35de51417ad61a84f8cb8a"
"branding/png/Symbol/humanati_symbol_negative_white_512px.png","3893","7c8f5d22ebad71e55a9686f04fbd4967758b48e60f889387fd325957d6e0964c"
"branding/png/Symbol/humanati_symbol_original_black_1024px.png","9567","cc0db620eee7eadcfbd9a98773dfb59da70b8f7e11da93b514f2b4f753442114"
"branding/png/Symbol/humanati_symbol_original_black_2048px.png","26860","45851f8d0f15d3915563dab062e5cd9c40af530c81afaf15f673e8aaed78b0f3"
"branding/png/Symbol/humanati_symbol_original_black_256px.png","1792","9d62b508f2fec0bd8f1f91a116380eb575325e11d00438e49d498e2fb729232b"
"branding/png/Symbol/humanati_symbol_original_black_512px.png","3810","7d0307220602e44d69c4c7cb1686cb7f9dbf8dea929a4ef569caa70375857094"
"branding/products/monihook/docs/manifest.json","2377","c323568c039bc5d3a6f7eb6fe73c8ac1e10a291ef386202a9a3e6e6873b5790f"
"branding/products/monihook/docs/README.md","1030","dec557c73a664699cf24d4c52138842107c5e01e162f5130b3370e6e870136e0"
"branding/products/monihook/favicons/monihook_favicon.ico","9201","57afac1a0545848a6efdc409347d56d54eb6adf4eaf3186d0dc6d2bbd4de8c75"
"branding/products/monihook/pdf/monihook_horizontal_mono-black.pdf","2029","f2a5c558a200041b8a6d13331069cc9a1e262849cc81c7334280126a5806a8ec"
"branding/products/monihook/pdf/monihook_horizontal_mono-white.pdf","2032","feb491ad0c1a018f0e26563c8f24d6a58f90cc848cb91d47580316a14d449934"
"branding/products/monihook/pdf/monihook_horizontal_negative.pdf","2050","40ea79ff00a606fe64ab1b3fb81d387784fbbb7278697008d0034fd945e1b8e6"
"branding/products/monihook/pdf/monihook_horizontal_positive.pdf","2030","c972a02867c5284cc337894061babedbc6ab87f5e0344069d280fc65cd65c655"
"branding/products/monihook/png/app-icon/monihook_app_icon_1024px.png","12963","7c81a772b2c553c0c45b7682dc0191386ffd723eb92af894cfcd1e90b83bae1b"
"branding/products/monihook/png/app-icon/monihook_app_icon_128px.png","1289","4f96ae38bfb419eb59b37ca82154361b20813c3500150d6fc4eb4972561093e0"
"branding/products/monihook/png/app-icon/monihook_app_icon_16px.png","330","11c39761841d37f6dbcab51e6612e258cc0e869f4e027f9edbb5615c4a3fd09b"
"branding/products/monihook/png/app-icon/monihook_app_icon_256px.png","2303","aadd1aaf004d6d811a34f904f03a2c17a336a2e31d75df9c72c250513200c1b2"
"branding/products/monihook/png/app-icon/monihook_app_icon_32px.png","535","33990ee94bef8d255febb61305e0e5ae675126d9f2de192a1f6b2fc571251bc9"
"branding/products/monihook/png/app-icon/monihook_app_icon_48px.png","655","84d4d481ea9ee26a9412cee3ec2ca101f977413bf35e2fad782ca142f738bba1"
"branding/products/monihook/png/app-icon/monihook_app_icon_512px.png","4592","0b5805925dea7748186754d062d68439e2be7f4288c0648a15519101447e4a9b"
"branding/products/monihook/png/app-icon/monihook_app_icon_64px.png","720","beb19644b3c4dbb6908a331be2975dd1ae88adb4ea236d8b24ee96d908c81a51"
"branding/products/monihook/png/horizontal/monihook_horizontal_mono-black_1024px.png","9090","0cf64297f671050c76d103b5ff9ab001712722f91766ee776a064edf35ad40f2"
"branding/products/monihook/png/horizontal/monihook_horizontal_mono-black_2048px.png","21355","3ebe4a8957dc58493e3bb89c61da357ead283f972722cc7048db7a55d4e63514"
"branding/products/monihook/png/horizontal/monihook_horizontal_mono-white_1024px.png","9308","59a4d385b973e3f96a1eb6d465d2787675e96ea41b5a06ea89baa49b2bd74532"
"branding/products/monihook/png/horizontal/monihook_horizontal_mono-white_2048px.png","21788","f57db8c85430cd5ba25f58d603add268202db0838f3a67b8cd324d0eadd2a04e"
"branding/products/monihook/png/horizontal/monihook_horizontal_negative_1024px.png","11333","d205e8bb0e1cf02b705adbd59777511e9b6a33e65db3772ab911bd0476ebfb05"
"branding/products/monihook/png/horizontal/monihook_horizontal_negative_2048px.png","26050","1607a828782d872a470b95b45bb1a3e295561e665bc6848b4a7ddb5d06cbc819"
"branding/products/monihook/png/horizontal/monihook_horizontal_positive_1024px.png","11377","8c8e527a9b8068e67cebe8b6e611c21e09c4b1b41867133232cccd8de8f91370"
"branding/products/monihook/png/horizontal/monihook_horizontal_positive_2048px.png","26058","054d3b5a18fd2098c848ae71777642801c1419ed8f48de684e825e9c403f39aa"
"branding/products/monihook/png/symbol/monihook_symbol_1024px.png","19874","5743ad7ce3ae9f8026aa578a80b339d4d53149f50dc139ed909fdfb21b8e4de7"
"branding/products/monihook/png/symbol/monihook_symbol_128px.png","1730","ac503779504c0c9f8530abc9a74a01b79aebd09b020e44ac611fc54b17a566a6"
"branding/products/monihook/png/symbol/monihook_symbol_16px.png","419","8df336e974d2370fee52301f154db6819923e79f177de56847b052eb5f61e142"
"branding/products/monihook/png/symbol/monihook_symbol_256px.png","3122","96d97fe30144373a44935ee547ba43b81a89ad0783342e21a7d60f60eb4dad46"
"branding/products/monihook/png/symbol/monihook_symbol_32px.png","758","bf0212791cd0ff1f0e7dc160f657187abb1c2563481518a3735509abe36f28d8"
"branding/products/monihook/png/symbol/monihook_symbol_48px.png","952","2d0c62447c195c36050b78da6f08b9bf5af6b678a4fcdcc7d4e10aaf06524515"
"branding/products/monihook/png/symbol/monihook_symbol_512px.png","7001","122655a034b97746721bee5459d711309cbc7558979d20aedbc34d6f73fda381"
"branding/products/monihook/png/symbol/monihook_symbol_64px.png","1082","f501bdcdabe9c0d0c7dbce99c834bfb035e9aad217d97fae7c9b9f7680195bcb"
"branding/products/monihook/png/vertical/monihook_vertical_negative_1024px.png","24856","19ed8b1987a8d7774b62fa9e588017fbd66976ae769b26d55e19f3ff1c0c6fb1"
"branding/products/monihook/png/vertical/monihook_vertical_positive_1024px.png","25477","913179f0fbcc88fa01d171a52885e1f7f64c08a5805fb0e1c93ba127bea28b2c"
"branding/products/monihook/svg/monihook_horizontal_mono-black.svg","863","fc6db9c2ccf4205a8a71789678d3100be427b073c7ffe53d76674f11ba2ab0bd"
"branding/products/monihook/svg/monihook_horizontal_mono-white.svg","863","0646df9e734cbafbf681e4db35843a2245d19b9d9d9565e6e4bbaa7e1442f95b"
"branding/products/monihook/svg/monihook_horizontal_negative.svg","924","b9538ae595b28cfc83090256584a9ea0c2eb16d3ed6537d0054a488c4041c0e8"
"branding/products/monihook/svg/monihook_horizontal_positive.svg","875","df109df0e959da2807a4f95bbe10e9387e468d543d5e274862d2a832eac4da28"
"branding/products/monihook/svg/monihook_symbol_black.svg","481","809b91cf0eadd9e3141f912be012258198bc9c7d13ff131fd905b4909e0e41dc"
"branding/products/monihook/svg/monihook_symbol_brand.svg","493","bf3644df4f191fb8d6d2fd6741f77d7cd6dad349d5bb10531758945503fb6b51"
"branding/products/monihook/svg/monihook_symbol_white.svg","481","ae9e3495a3d38eb7c6a9a67edc125df1c0a1fa2a241cdd054511fdae62382acc"
"branding/products/monihook/svg/monihook_vertical_mono-black.svg","905","86a4e9e342fcfce5195c43a683fbb268b8436cb0769f666442b491ea0d98ec35"
"branding/products/monihook/svg/monihook_vertical_mono-white.svg","905","f94accba488f5cfe984b9dcbf50ba939f18bd24c7dfb913be350fa582ee7a216"
"branding/products/monihook/svg/monihook_vertical_negative.svg","966","82c8067b8907964155eeb69d2b834a79f39c48d9b69fd78fd7e5215b80c06c67"
"branding/products/monihook/svg/monihook_vertical_positive.svg","917","adbd1292485f9e33af369fb924a1e0179e0976996c02d71ddfc17cccc4a2eb51"
"branding/products/monihook/tokens/brand-tokens.json","331","1ec643943d86f4a9886ba77e589ecf5fe2da19ce43e835c1d4e10eaa3b7b5cb1"
"branding/products/vane/docs/manifest.json","2201","e6f02a68da9c394dd54702232d8f6eeeaf833753565ec425cff9ab83d47e31b4"
"branding/products/vane/docs/README.md","1022","048a6808f2953b13b94d69d387213e54ad1595bcc3940484b2d643d082489d08"
"branding/products/vane/favicons/vane_favicon.ico","26871","38e1b1d9d76f0facd1812967e8ac90a8bbde1dc20d8eb094bae6e6bd840b11ea"
"branding/products/vane/pdf/vane_horizontal_mono-black.pdf","1714","d01c9b0497c8c060484300315881538e73968b995917060cbe9fc331ffb468c9"
"branding/products/vane/pdf/vane_horizontal_mono-white.pdf","1715","2b01c3048c84335c6354377d12ae2c3bde43337d2568e15d3a3a771fcf91e8ca"
"branding/products/vane/pdf/vane_horizontal_negative.pdf","1744","39e309f45a66e32f91272d7dd9ea8d613d894fee93d983064f8dd9992721599f"
"branding/products/vane/pdf/vane_horizontal_positive.pdf","1728","823ba21874feef8e4de617744007c7cb5aa551ab9a847472c74c2d44e61d2645"
"branding/products/vane/png/app-icon/vane_app_icon_1024px.png","41981","df310cb87ebe63c8ef944f8c0d26a43a960a40fe13ad370aea00105aede5fa46"
"branding/products/vane/png/app-icon/vane_app_icon_128px.png","2981","4c4797caa0c831b34d1722798acbc25fa29fbf6f6617fa2f01f70e85156956d2"
"branding/products/vane/png/app-icon/vane_app_icon_16px.png","417","cbe23e02eefa2fa912eba1dba3c8dc582e8db7a14c9937f9acd562c0e0bdf2ca"
"branding/products/vane/png/app-icon/vane_app_icon_256px.png","6163","37e00725aaf4e91ef7c596359eefccdc43c81175b311df6a2d3b6730b9b562b1"
"branding/products/vane/png/app-icon/vane_app_icon_32px.png","836","08696f52028db2c873cf9170a6ca43c6c44021e743fca106700ad82741d94eb1"
"branding/products/vane/png/app-icon/vane_app_icon_48px.png","1204","84166b69601e20375ec65900c7db301fb78391eff253e03e7c2aab890268768f"
"branding/products/vane/png/app-icon/vane_app_icon_512px.png","13218","84708d7e1ab58c3f58e42e30b97d25271ae895a60867efdd4099eb09dfde46ac"
"branding/products/vane/png/app-icon/vane_app_icon_64px.png","1563","9c8cf2b371d761f6ade8c585ad386153fb689f62e1651a4fdb741169987baf1e"
"branding/products/vane/png/horizontal/vane_horizontal_mono-black_1024px.png","15685","38abb8eee0571150f2c14131c8ec5720526fb08e5ee7a3e2aefe43e255403744"
"branding/products/vane/png/horizontal/vane_horizontal_mono-black_2048px.png","36725","8bac6aca836d198bcee9b16efe2915ca3751b343b05084a6ea443bef07a66cc6"
"branding/products/vane/png/horizontal/vane_horizontal_mono-white_1024px.png","15939","5218d2ec24b528f22501ea68ce9866058bce75d34e4284f4354a62019ef9f2db"
"branding/products/vane/png/horizontal/vane_horizontal_mono-white_2048px.png","39395","79ab60cab77f45e3051c5edc7a0970e70bf29a9401ef5895fd871d58025d5776"
"branding/products/vane/png/horizontal/vane_horizontal_negative_1024px.png","17126","ad55e4ad5bd694976fcf8a28b9a68c32e90b1eee4ad9fa1fbf81bf138b2188e9"
"branding/products/vane/png/horizontal/vane_horizontal_negative_2048px.png","39585","1d05be5aa330b0706656f32440b103d00fc31f69f631b8391cbcc58bcbb42f1c"
"branding/products/vane/png/horizontal/vane_horizontal_positive_1024px.png","18561","4489c5d3b9ce03fbc59b96ae7f50f6f900804fa5146933bb55f0dfb63ffeb936"
"branding/products/vane/png/horizontal/vane_horizontal_positive_2048px.png","43363","d4ba3e76cc9e4b8ac02284cece559cb081eee4344658ad4ff6467d01903edfe9"
"branding/products/vane/png/symbol/vane_symbol_1024px.png","80919","9bb9328512479c8e2fc9e71da9d4acc89258bc1eb4dd7f9cfc41cfcc31c71ba2"
"branding/products/vane/png/symbol/vane_symbol_128px.png","4638","2914107d4c09f11f95bb3d1099042dfbf6ea4fead3bfed56db76fd3206c67a43"
"branding/products/vane/png/symbol/vane_symbol_16px.png","623","1fe98ec4f3ad50dfbd9db35d6eca655ee0e77b913560bfcb22fb9f46c8035c73"
"branding/products/vane/png/symbol/vane_symbol_256px.png","10500","66a66b47be5b18ce3674dbc2c889d842322ce5d706722f2e3a712ca93ed199bc"
"branding/products/vane/png/symbol/vane_symbol_32px.png","1262","9c1152387d5fca3b2c071e124a514726db22370ebbcca0c3d59d8296722a17b8"
"branding/products/vane/png/symbol/vane_symbol_48px.png","1843","d0f7b513905331de8e184b3ead6f19d4189074953f10abb033365c4e5ef7890d"
"branding/products/vane/png/symbol/vane_symbol_512px.png","26272","3f316a0f0f9bb2610a812be6bf5f2c9060e3c12b5131f36ccd40fab42308fffe"
"branding/products/vane/png/symbol/vane_symbol_64px.png","2418","11f78e3497441d225733dedcd31a13b1a747d2f5aa0baaa69aed8e5b3dd8e0e8"
"branding/products/vane/png/vertical/vane_vertical_negative_1024px.png","39578","6f616b17a364ef9e0ec46baf9c8bc9131970e707b959deb044d531084c3d9301"
"branding/products/vane/png/vertical/vane_vertical_positive_1024px.png","44000","3c86016691e9e2421ce4f4d68d5d6c41a43b331840f5bc34c50f251a884bd2fc"
"branding/products/vane/svg/vane_horizontal_mono-black.svg","738","534a64768b22bcaccff4652ec653137a7f4af6a7d678c2ca51a851850ba14bb8"
"branding/products/vane/svg/vane_horizontal_mono-white.svg","738","ac560cfdb6d8392cbac38e6d59db45568dd8f1b133fd531527cd55a30b6416e7"
"branding/products/vane/svg/vane_horizontal_negative.svg","799","635933e2d7245e843118b909bba11b87a3cc299f5b33e3aece9cf11737c865d9"
"branding/products/vane/svg/vane_horizontal_positive.svg","750","533248f051b66a09874ab0222c7d44fe4a6f658d52c51de4bf3bc638e9cd1058"
"branding/products/vane/svg/vane_symbol_black.svg","361","7572eaf78a8a2248e66e6a48e79a60dd85614e0c79d3369d5ab6903c21c35275"
"branding/products/vane/svg/vane_symbol_brand.svg","373","20abf35455ea76c8855def07de6bb56160200b639094ef11470579bfeaf90876"
"branding/products/vane/svg/vane_symbol_white.svg","361","c6c3bce27f00d3c0551537d795f657982f4cd11db907c652c1ec1a5147a2cc38"
"branding/products/vane/svg/vane_vertical_mono-black.svg","780","d0e0c038d0ccc1e343c0463e110fd4c7e54688af767aa19e7c0ef039544678b8"
"branding/products/vane/svg/vane_vertical_mono-white.svg","780","77e3a50f61f24ca8338c6a0a00ba1ff28b4115bf61dc913382596c13e84e6877"
"branding/products/vane/svg/vane_vertical_negative.svg","841","4d04730a9ff116b3118e006db9dc5ccf97505bf3d032103f9a24d6ea23220796"
"branding/products/vane/svg/vane_vertical_positive.svg","792","0926e8a2c9e05fb356ca0a6103b175557857716e4fe70516f8e8cf8c89a81d21"
"branding/products/vane/tokens/brand-tokens.json","327","9c9ac08fd7148fdbdffd9ce84520755bd9babf9de4d18f2131badefd02be30f2"
"branding/products/wic/docs/manifest.json","2157","66815ae4f6df27f94be1cbee04952c1d8af8e581875f5ad41bfdf3176dfa4533"
"branding/products/wic/docs/README.md","1020","5e9f0d9d361ebf556a430fcac01d6c9c2e678ed3081e60d8275741cfa81d969b"
"branding/products/wic/favicons/wic_favicon.ico","23561","304a5dd9712490eee28d2c80b1bc042b8b0a0a4ab0d21f699847eff0cb51aa67"
"branding/products/wic/pdf/wic_horizontal_mono-black.pdf","1740","1cc8be39be4fbfb3b694980f493efdc1e4dca2e3b8d19e524c77bdd897c27b22"
"branding/products/wic/pdf/wic_horizontal_mono-white.pdf","1742","1bfa24ade1a83101b580474c23258a4e88fd9797579e1a146e94f6005cd7dbde"
"branding/products/wic/pdf/wic_horizontal_negative.pdf","1775","c555a0d362efaefa4976d10adbf88a3c24cc0c8055b27d8eb3bbb4866ed45e5c"
"branding/products/wic/pdf/wic_horizontal_positive.pdf","1752","b4631e932c5a1d6a29c19ec81f07ab8958981e6af42a063ba3e14738533c4fe9"
"branding/products/wic/png/app-icon/wic_app_icon_1024px.png","41172","86b12731079aec13352d324a114051779b61db26b247baf49f315e6b661dbf88"
"branding/products/wic/png/app-icon/wic_app_icon_128px.png","2549","18f1aec547b960b3137682b7f304841c23893ff8fd09fe0cce43dd6560b3bda3"
"branding/products/wic/png/app-icon/wic_app_icon_16px.png","393","e9a1f7d04efd8899970fa9a05e8fe62e7ac05767f34fa55f27db7ee5974bd18c"
"branding/products/wic/png/app-icon/wic_app_icon_256px.png","5327","94acfe4dbab9b7cfa70098c1f5a993e44060fec0c154e89fd3758bd712c6f7b0"
"branding/products/wic/png/app-icon/wic_app_icon_32px.png","724","b60cf712a3488cd64469f057140cb22fa05acfeed60c38ac7daccc492dbe8f16"
"branding/products/wic/png/app-icon/wic_app_icon_48px.png","1038","c6c8d7719c21d261b88ea0146643f90cc45ae84db6683b172ddf7d4abe3d6666"
"branding/products/wic/png/app-icon/wic_app_icon_512px.png","12473","3069fd01c48c24e54365a37933110284c4dcd3478e02ffa0c6160745e49f488c"
"branding/products/wic/png/app-icon/wic_app_icon_64px.png","1287","6223555d7335e4c7ef0b89aee7591d127fa4e0f636bf3743d7577512f2867ad4"
"branding/products/wic/png/horizontal/wic_horizontal_mono-black_1024px.png","15122","3601c00952b4296444a523c23f1c48586e9377ae44a917369143067dd4da540c"
"branding/products/wic/png/horizontal/wic_horizontal_mono-black_2048px.png","35380","4a7e82d1db9378c3f634cbdb78f74bd919a8fa775fc39dc5773a00ae3e60f2de"
"branding/products/wic/png/horizontal/wic_horizontal_mono-white_1024px.png","15645","945477cb1d3d9c911851922fad8f57e1a920e8a53910c4e9fefdb75c95e8f3d7"
"branding/products/wic/png/horizontal/wic_horizontal_mono-white_2048px.png","37337","f0753682468daacdb1ea4304de8de1a96e1cc2fa8d99545e6ec948f5c01893f8"
"branding/products/wic/png/horizontal/wic_horizontal_negative_1024px.png","16743","20b3a2ec894c38eedff0e12385551c3c56eaa2682203b50378cd7d52b80a7321"
"branding/products/wic/png/horizontal/wic_horizontal_negative_2048px.png","39434","8f2cda9a25f400dad93f0e64e97524351a64434888b9cb430805655a3f169d88"
"branding/products/wic/png/horizontal/wic_horizontal_positive_1024px.png","18629","a79880d64af080b30600ae7e11a19fefda64e3e928000ed633d6f32a96d49491"
"branding/products/wic/png/horizontal/wic_horizontal_positive_2048px.png","43307","3bb85b170f3cbbacfc494aa59c2595a3ac8ef275c140a2b14a93190af1e67325"
"branding/products/wic/png/symbol/wic_symbol_1024px.png","74557","08dc0fa46d28b4a4d2f975b169d727c2b387ce63216d9b938ec3496bbedda7ac"
"branding/products/wic/png/symbol/wic_symbol_128px.png","4052","15985fc841393fd606c347dc35414af67eb58f0187e23d4d37f5554214c4d583"
"branding/products/wic/png/symbol/wic_symbol_16px.png","526","dc0294ddeb07099fb09558661e6be3079994e77be350dea5b97bbd17d8e17667"
"branding/products/wic/png/symbol/wic_symbol_256px.png","9761","beac9ca17db98d762b3a83675b76455dbe5cf18f75f471c94c9865411774ca56"
"branding/products/wic/png/symbol/wic_symbol_32px.png","1082","e3231f896337d937ba8c872788dd08a1758d4cb9bab95999c091796362c94fdb"
"branding/products/wic/png/symbol/wic_symbol_48px.png","1548","1a50f1c3607a5209d6658a915438feff835b480bf0ef6137cdf27de5f6f14fcb"
"branding/products/wic/png/symbol/wic_symbol_512px.png","24326","e1f60c9e90733d1378f884318517a653fff1eef5f8253d0cfa4185d1e1c17153"
"branding/products/wic/png/symbol/wic_symbol_64px.png","1981","c5ecd997d876f00779e287d4c9b58c7565c9b13b4a1dccb1668483286c91bcbe"
"branding/products/wic/png/vertical/wic_vertical_negative_1024px.png","39095","718370d83376e4de36422d859547d6ef065b83b18b1b05922084458201dd4ff1"
"branding/products/wic/png/vertical/wic_vertical_positive_1024px.png","43636","6445ae8d337dc5e8cb605cde0c3779b4920cba613d63b4be08eca16062bbc38c"
"branding/products/wic/svg/wic_horizontal_mono-black.svg","898","97ebb40b09fe01136f9470b3fd83499cacff086bfe50f8a152b2eed194752841"
"branding/products/wic/svg/wic_horizontal_mono-white.svg","898","db032db10b06c1b527b645801ab0841abe8b35ac3d269c22477f412c35090096"
"branding/products/wic/svg/wic_horizontal_negative.svg","959","28202f62a83457fbfd855e54810a05449ea3fafa80d7bdd32b5dfe40039abdf8"
"branding/products/wic/svg/wic_horizontal_positive.svg","910","79037034db50c7443554e78321645e8d142f2c54e2d3a3d0f5793f24c5145009"
"branding/products/wic/svg/wic_symbol_black.svg","523","16ca28d079967cbdd877b1153f9fc1a9e2cfa25ee519dc6fac676ae4c8afb0a2"
"branding/products/wic/svg/wic_symbol_brand.svg","535","de21e207e3854578158f7b0f057fc487a25e6f7cdaa7c2d746e44b6554854750"
"branding/products/wic/svg/wic_symbol_white.svg","523","7320fa43744c981214e679cb37b11fd19a5e8f1013a1391aaf796cefc39e60c4"
"branding/products/wic/svg/wic_vertical_mono-black.svg","940","e504efdd17d6d9f0cfd7ebb1fa3eaa29af4a1324efd96a79fd54ff6127958037"
"branding/products/wic/svg/wic_vertical_mono-white.svg","940","30ee706c4e235789666969d18d8292f46fdb72df35558c8a58ef34dee0b6cdc1"
"branding/products/wic/svg/wic_vertical_negative.svg","1001","c34ec2f155e674814ecbaf58aa0a9011dce9f8b0760c6623d6d391908bdcf180"
"branding/products/wic/svg/wic_vertical_positive.svg","952","b9849089b2120d376dfff3184465ff2c923b894b7fa012bc0aae13df61a03525"
"branding/products/wic/tokens/brand-tokens.json","326","62d08557c171eaf5544e77712b191b92e5116051f2ec205ead0b98b17e767b2b"
"branding/reference-boards/humanati-logo-master-package.png","1470194","aa2deb175043772566174a1c409631685fa35a94981fe25a82ace62d1f3871b7"
"branding/reference-boards/monihook-master-package.png","1566368","c1b8500a18a5aadd81764fcf39b3747c9db197005da5fef2d7969704df0c26fb"
"branding/reference-boards/supplemental/ChatGPT Image 1 de ago. de 2026, 15_28_00(1).png","2433666","72526d035b095006a3b5e9a47789b2a1dd2379f57d355a0e371e02d7e12b4a8b"
"branding/reference-boards/supplemental/Guia visual completo da Humanati Design System.png","1621201","62058c9f181522264ebe7f5a000698d9d81c62cb16957ae7dbdf1363267a708d"
"branding/reference-boards/supplemental/Pacote Mestre da Marca em Azul Neon.png","1600083","a7a842edc3b3d9debdb354d8594d891036600efd75fdd948071ef2efeff31f82"
"branding/reference-boards/supplemental/Pacote Mestre de Logos em Grade Tech.png","1601696","ba2d51ed3d7e3ab69d324d938a747ac65bbd9c6ff37e806af97d70434e323efa"
"branding/reference-boards/supplemental/Painel de Identidade Humanati em Dark Tech.png","1778289","47e1ffca5804d126a3cb017b3d93370b22793a1438e2cdd4f975f57a20fb0c9d"
"branding/reference-boards/supplemental/Painel de identidade Humanati em neon.png","1743759","1fac5765a2ba6e6a8345802d3c699afae13d452c56963d6e41dee2478914eea7"
"branding/reference-boards/supplemental/Painel de Identidade Visual Futurista.png","1782351","d9e7b01c23a21d3137a01f7dc8d2d9ffaa36b52b0617bf915c97b2554def867b"
"branding/reference-boards/vane-master-package.png","1685167","f15b6cc444175991e495b264613e0134a7dfc189d2b25121e8304c11c20950e3"
"branding/reference-boards/wic-master-package.png","1604413","f5712846502877328e0a9f1afbdf2c77cb095e8aaffd97420ca2de3b31bb7ab4"
"branding/svg/Horizontal/humanati_horizontal_humanati_blue.svg","6795","676235b7ffdee5f530dd0391a9452c31357a1d5d4d288055baea750ee32e8177"
"branding/svg/Horizontal/humanati_horizontal_monochrome_dark.svg","6795","4425b138439ea64da565e72853cc938b99dc85a95715268c7ba3ef5eea45a2d1"
"branding/svg/Horizontal/humanati_horizontal_negative_white.svg","6795","bf3f5a1a6f599ca72c39638cbcbad9760ed72d08bd764998a68a81d5f2fb2f25"
"branding/svg/Horizontal/humanati_horizontal_original_black.svg","6795","cd9e55c9bc1676525a5a1a0d67cbebd7c115c02f7d080525b322bad60ba07c2c"
"branding/svg/Symbol/humanati_symbol_humanati_blue.svg","691","7057010978ee105803d031ad60720ff899304e0d5f7685e655406e98a8256e9c"
"branding/svg/Symbol/humanati_symbol_monochrome_dark.svg","691","84f7eb6b8e651dbefe1e5a139ab50dc8bffcca03c2c419004a29edcb0eaaf451"
"branding/svg/Symbol/humanati_symbol_negative_white.svg","691","e3522118cd8ca28031de94bf2c37c4a43eee98e0e103438e4e4aea3c09fe912d"
"branding/svg/Symbol/humanati_symbol_original_black.svg","691","4c74135a806c5488719d58dfaa44edef1db34c3a948bc63ee3a0ede1e1ca3d4a"
"compose.yaml","280","2b2e5b654f6d039c40d93e6fb99fc2851c20ce4e26be226c7d2d456d83c31f40"
"CONTRIBUTING.md","620","7f696d753266905f480707f4b81ce76c5a10581306514cfacf56aaf0ef6c163c"
"dashboard-library/dashboard.css","2066","112a16d14f97abe35ccde18dd29430f6070af69177a34400773bdbf647875f60"
"dashboard-library/index.html","2251","7544d1ade9d7dd021f7d7ae9721d883a2e44d563f3e89f9566b5f9736ff32385"
"design-system/components/access-card.css","64","381c0dae2552eb8a1cc9ed33935830ac824cfbf764933b5e59bbdfb5f1d01541"
"design-system/components/accessibility-panel.css","78","f839f4b998042b95869808427c62f8605f4ce4443e4904485d63f230dfb81ec3"
"design-system/components/accordion.css","55","03b60b3eac6725ef50997561a210b60a019b2e3abf201d29cb27ea6d32672256"
"design-system/components/activity-feed.css","37","053e24893a06b35d3a612ed8424560c3720d2d0ffde80693caf87159bb2340d7"
"design-system/components/api-status.css","69","959d056e88f5d323dc259443a85a4e42f25b7db4c2aa9b4b857e519a5fcb8f9f"
"design-system/components/audit-log.css","32","d0a26d0f85f99f9013f6bc930b992df06388d6095c497146763337ad8c867007"
"design-system/components/audit-timeline.css","38","66ab5cfc305b8338197a4fddb31058a904fd4325697f3332543b6c683833683f"
"design-system/components/avatar.css","49","f14602d5399738254d5dd42e75ec5fad846720c9a0460f9fef29f969ee4cd55d"
"design-system/components/avatar-group.css","60","f1cef66e24cf2686ffd87c5a841ffc34a52e960eb280f5780935f12591c592a5"
"design-system/components/badge.css","44","12e7f80033f0a4c2e14e369e8000606b9defee2778d864bc9863bb2a9cec1810"
"design-system/components/banner.css","90","78879cfa4d3cb924e78d8f343f14de2ab720a9368a95343cc1591caf91993fcd"
"design-system/components/breadcrumb.css","48","604a334b0d66a5e2f35f286393aac264755584342ee0e84e7f7eb0b081fca11e"
"design-system/components/button.css","85","5534bf6912b823dd3f8a7d8adc675cef1ddd47bf71bba5dfbfd57a65205790e9"
"design-system/components/calendar.css","67","d7905005886f3f811ada61d48ca79b68b97dffdf6640a1b14682fab35c909349"
"design-system/components/card.css","63","1855aebf5e07c9b0887b3f96819298757c2ec7dbe3328a1114391610c30a623e"
"design-system/components/carousel.css","46","d301e3c495f0a652110120b7b0eb059c16f05be52e673e3ea41b81f628a6e6c5"
"design-system/components/changelog.css","33","3a1ec1cc4c689a6f54c40c0d71203865ef35ac5461fa1ccac356a694deabd5f9"
"design-system/components/chart.css","68","b8d3dcd7b0504d70060d1911444ddc44b85a5ef176260e4b5ab235cfeeed236a"
"design-system/components/chart-legend.css","51","0a4df63319ff625bb8aa300b9f8d421b781d697f0ab893c4cd9835947349bf89"
"design-system/components/chip.css","88","07205df6295cefd9d1557f96ab801f863ed0dbbe31b355153c41c61f39682603"
"design-system/components/code-block.css","69","35c3528edac477ea02289ac3d159b1b7d4c5c5cfeee4b1c68b02af809bec817a"
"design-system/components/command-bar.css","73","1452c05d5ccf981c2c8481e6e3cabb4e70961139b65b027717990b263983c003"
"design-system/components/command-palette.css","65","e290e4b294a782faa3604e5c40aa4a51b8ac0986506383677232543c89e5bb40"
"design-system/components/component-index.css","36","4acfcb6c376828c81be535e665f414d7c386f26a4396635533174c75260ab443"
"design-system/components/context-menu.css","48","61ae48cd5dde05a48893fe88f3af657787571788b601168891b38b9f690ce4b8"
"design-system/components/data-grid.css","70","7a3165845c3cf8c3fa01060b37af36ad792806c76cf29dcb52545ef95343c681"
"design-system/components/data-table.css","48","672d8b942e4c1b3007d138bfbef806c5d83d98eef6bfdfb659185571012a7f40"
"design-system/components/date-picker.css","70","3f3036a8cdd9fa7636bf7deb53e68cb2f501f44bb9ca300507cff943c1ed233d"
"design-system/components/deploy-banner.css","66","f84b8721d38e34e3a932de72dd76ba5321434a75143f270d2df863257add1e6e"
"design-system/components/design-review.css","37","6dd11ba0996035cec61b39c24014d1b9c6772467e7e39dd99f88dbaa135b012c"
"design-system/components/detail-panel.css","65","af6d56d82537ca27f5c85c1558fed02fb1e02cdb8fda34f11d9bbc833effbaea"
"design-system/components/divider.css","53","f18d5683dea40b62e3b42910a1740d7b9aeb3b6341515f690e630dfb6a6fc400"
"design-system/components/doc-callout.css","75","51766f4229b1598d23ab6df1ff1a6a0d57ea94580281947f960215738401ba8d"
"design-system/components/drawer.css","61","fc3ab7eaff4d6f4d9dc5235fef5721c83d32c78d58386b1df673bcadcf6f6d7e"
"design-system/components/dropdown.css","74","f6d72349f321eb3a2f8ba0bf8eda88110096b6af28471da62617af4a3af862b9"
"design-system/components/empty-dashboard.css","66","553af3272a7e73ce79e92d68d6010fa36efe6712fc9dde690a6fa52c272bf0ba"
"design-system/components/empty-state.css","44","f56ea90fdc8feb2015eeb1aee6746e5c13b00185f01ffcc04a4677ab519752ea"
"design-system/components/environment-switcher.css","43","0d8d2cfbab382278f37ea97f29975b48be67c54949e6822a67c773fc57b43a7f"
"design-system/components/export-panel.css","93","a8182d317ed088af53600e0068dfd43885777c5414f414fd0ce4e530edb042b2"
"design-system/components/file-upload.css","66","145f7461c6b3f06ab7334c3525e3b99f44561358a0ffa6d9f83dd2fd0a97756e"
"design-system/components/filter-chip.css","95","ca69afe0a22d7806a5414098072864f96445c857c958b7e5c64fd555bf9d1997"
"design-system/components/filter-panel.css","58","e12409e8ac2b234013833d814793a7afd772f5e2f0ebd1d8e4306f7abf678f51"
"design-system/components/health-card.css","70","6b05a591dc4935f7e5b53cb9af64393106676bc61e1c033fb1d67d476bcbfc6d"
"design-system/components/help-center.css","35","65471e0c3e46a1a1a1da8f6e658ee80af54faa3562bcd18654c398e60f1726c0"
"design-system/components/input.css","63","53fc7005be2489b905f63bc1de0e56a40299574a1dbf124100410b2926e20530"
"design-system/components/json-view.css","54","ebdc2e9aadd1c96d753187393eb736aa1014a84d345cfe31a67675959a695323"
"design-system/components/kanban.css","30","16a21955af9dbd3ed785628db5d0c3b175d766a3e3b221104f8ea1728645f6a4"
"design-system/components/keyboard-shortcuts.css","65","07b6b56dc3b12a58d31efbdf3af5ff4bcecc2930bda0d84434d6d55459a5a956"
"design-system/components/language-switcher.css","47","16f874ec204a2dc8ac0b41a235a2a246df132a3382d7703f9c9e2a2ea0400913"
"design-system/components/list.css","28","980403ad3998c80762f4c8ad1ba224c045f216b2b00df6b514785649d6578c0c"
"design-system/components/loading.css","81","1d7abb1e9dd1a454572ce25439456edab463ba56b9e681ac59ef22d72ace6a86"
"design-system/components/locale-selector.css","45","f308521586d9fea677b8ea7f649f6634d45234f9b3e48b1c986d2c24be64498d"
"design-system/components/log-console.css","81","059775e20c74ff28e3737cacd3973ac5a6876334456feb6c24661a392e673283"
"design-system/components/log-viewer.css","65","ec838391be3fafefdbbcacd4b296e85536a5383b82683f03a424a2ba530a10e7"
"design-system/components/mega-menu.css","69","927e5668913625963c8da5e04271284b47b437919ff9b322ada131f5f40b4508"
"design-system/components/meta-preview.css","65","f05687de36c191e921c042a3f787bef33f722b5aef31bbe63a4fbd7c03a00635"
"design-system/components/metric.css","59","52e064cb91f82e138c7902ae240430cc1a95952a3ae4963de0a2e96845deaa51"
"design-system/components/metric-grid.css","71","f1a1b5e6b64e4772c074730a68c3ac2a38a7a0ae5416bdf7ca3f157c0e8f072f"
"design-system/components/modal.css","58","1656fb751a947255fa2cefd99db892094c37ddd1c66b97a178bf8e3fd00e4d11"
"design-system/components/navbar.css","49","45aebd331247c155be15ec2b01e9e32d1c5cd892af1582d1318e921afbea1974"
"design-system/components/notification.css","76","d01f43e64492e4815a6019c26c5e5157e9976bb52ac99030606abc5f14f7d41d"
"design-system/components/panel.css","64","845d0eb2c3abf7eee947a88f8ecee6540e8a30f58708548b7b61e1bd54a1e65c"
"design-system/components/performance-card.css","75","c84549941f0f51a5ea643d82f370f3563d166e5f228984887d609e6247e1ab7e"
"design-system/components/permission-matrix.css","82","c2f1edbd6977d42a7782b521912394078b36929703e6cfa74291927a8784ac9b"
"design-system/components/progress.css","101","1ca76f1fe6ce17192a52b35832323b08ce2755016215cb84c5d2f39fb6524a81"
"design-system/components/quick-actions.css","37","68909cd26f71c6be7d8f75ef268f5a9a3f607f0414a556560948c207e155bbb0"
"design-system/components/release-card.css","65","30953b96b1a106cec015f387592a693963322662590439a3c574c45546505bd0"
"design-system/components/role-badge.css","67","e18a09b167394060d441297488d2528cb2eef5d0390511e85fd549b72ed4d721"
"design-system/components/score-badge.css","70","21fa05386882f3b1eca161ad762db87452a8a24b97ce897ac2f29075f7f16d5a"
"design-system/components/searchbar.css","32","cd1f0dd3de340f6bd4fa2cae3b2880a580ddf7d5321c09073e2eb61467592967"
"design-system/components/search-results.css","38","f50b195013d0e83dc5d874b9f2fe79f3085524ec2121680bd87ffdb1988af8e4"
"design-system/components/seo-panel.css","33","29c69d707196b226e2c6b1cc4a579dadfdd2c75a74ee3125a3f764d2c7d3cace"
"design-system/components/session-banner.css","73","09dd98cb0e1292b6bef491db7adb42e9ff299b6bb79a7104004f4e1798e5fb98"
"design-system/components/sidebar.css","57","6722cc5ec911c27f471e542e703987961d957c7b46bd3f3adf4256157fe4818d"
"design-system/components/skeleton.css","59","b66cbb3586fddede1b5861a8a093f8cd61c2c0ecc1d11cac386a8aa13ae38d64"
"design-system/components/snackbar.css","98","f908f22d0ca58ec255ffe2f852e7d12cebc6680c0adaed972452b1a14fca45e9"
"design-system/components/spec-table.css","48","b4b082b11afe2c27b449e0423a4ca23326fc16fa42aec68582f333e86350f5aa"
"design-system/components/split-view.css","57","db7cfcb02373d16735b590cdfb6a26ec6ed4d5c319c4ec11a8064a55bfe2af94"
"design-system/components/stat.css","57","2fb5cfdae4a61833ccb75094564997aaeba49427caf9171abad43347b6f98fcb"
"design-system/components/status-pill.css","50","f02c0e382a120ed81d2f2bebb4c6528f141f751b579781a9d5a759581daa129a"
"design-system/components/stepper.css","31","2199fe882c4f5990d012fc8862789fcfbe719b8d23e86380ad0417684f340494"
"design-system/components/system-banner.css","72","4efeabc37de229e397ad1d8f9b01b8eb2bf2c9c28cc570b6d8fb2edf4261b60b"
"design-system/components/table.css","93","95c85f3db630ddaadce3bbfbdd74ea161f6489b5a726293cc345a04e63c6f7a5"
"design-system/components/tabs.css","27","97f63e4b0c700c730b32e6578387ff393bc34b4840768e4bf397fef656e19102"
"design-system/components/tag.css","63","03ff39c86478e0fae87f10f0c19d49cd03a624fb2c696a88e7e77c5837688a88"
"design-system/components/test-banner.css","52","9d7f9d8966461722ed39204c06b11d3482ef468497967f97e1ef486b472efd96"
"design-system/components/timeline.css","58","04a6b6a4e606174623c76f182fc7b5af652b9cbe0fb0f5c9597973f5ba8cb260"
"design-system/components/toast.css","121","cb157db86336894d09f9de3fad809f19c5f130ce7ec4eab10733db8bb1ead9ea"
"design-system/components/tooltip.css","76","b6082302456912d183722c9f907f09f3b466a5a80498fee2e6f3db7b96bc01db"
"design-system/components/treeview.css","42","02b811cd42f5ae1073f2d28f978875db491aff3ca2026f2fe5c1bb7cdce0cb56"
"design-system/components/user-menu.css","29","2604a48edd07b0f99830c888162ed75caff2806e11949b6175e89f7e9a953c07"
"design-system/components/version-badge.css","72","4631887d204748fce58df1ff56ec46343a30d6d09a146dc4944ff47c6b9b3911"
"design-system/components/wizard.css","63","a6b4ca1a1d363669e4988fe0ed5a77a2c69c4e77c0ff69fb839b89951cd1b996"
"design-system/docs/lotes/lote001-readme.md","38","7bd797f187a26f44d2b527a243782b9fdbfc17b0b350b6597797c835cc25ab9c"
"design-system/docs/lotes/lote002-changelog.md","47","c99a4cc96a9c9aaaa7ee224e42799235b9c3ae9b761f24e46641ac24c3367856"
"design-system/docs/lotes/lote003-readme.md","37","6cf51dd52035754355b6b54e429dec759e73b6164bcbd83a075182750c4cbef3"
"design-system/docs/lotes/lote004.md","46","508ad4d23dc8c31b3cfb5872411f7735f9db740835a76db836adf22484723148"
"design-system/docs/lotes/lote005.md","45","ccb5108be1df0a6b99a22710fe6c9c77fa82dc2e6dbfd0eb714f0c3622f7fc2d"
"design-system/docs/lotes/lote006.md","49","99f4ca7c317180098310b3fe10eb98824b9f93c301f6ed3dd0d840a0b05f2657"
"design-system/docs/lotes/lote007.md","56","fffde8ca41bea147e79b96e00465b3a0e558ccb0ae8137255e190736d2584b3b"
"design-system/docs/lotes/lote008.md","64","ee17ec5621720b857480fa2315615917aa30e6f0d7a26538950b97e1af862d32"
"design-system/docs/lotes/lote009.md","45","8b6f386bc71f3c673c6818dfe22542c6afdfac93986165d2d7251a4bdb0f0043"
"design-system/docs/lotes/lote010.md","39","a41cc8790bc0271940d9d1e513871e9a17c8e0721b544724bd8aeb8b201f00e3"
"design-system/docs/lotes/lote011.md","66","cad684f78d2d88e61e3c1e0e0e993840f538db9890381d2fc4a615e77e96f3d0"
"design-system/docs/lotes/lote012.md","13","40a3c3eb3263b8a5406398103469a488dc691f56db78bc6f46bd178e02885014"
"design-system/docs/lotes/lote013.md","44","3e9185e86c3cf75810a736afffeff9fcdb9f35f3cc868c4e345a7c9197efd453"
"design-system/docs/lotes/lote014.md","49","7860fc16e05c9c9f35fd0cd0bddc7d886ba3a0de2b299aeabe508805f2577b31"
"design-system/docs/lotes/lote015.md","52","cf66aad27819e6736d9bc989a467d262ff745ca328d48f5e40705f50538f5f3e"
"design-system/docs/lotes/lote016.md","56","d90904ce33b7981309bac673db099afe90b60441f6917efcd93d83c14bc22986"
"design-system/docs/lotes/lote017.md","49","ad5229252f83da46dae7bb0fb24b9b7af924acbafcfc4cf7407a77aa41bcfaa7"
"design-system/docs/lotes/lote018.md","62","6f5a59c3ad589a8126264c96adaae15fb02bff55d7924327f01111ab1387382b"
"design-system/docs/lotes/lote019.md","53","1b7c4263e33a0a916f456689a5847b9f6ba12cbda54560f7dddc1251fb9ae254"
"design-system/docs/lotes/lote020.md","60","db67605262d38acaf6ff7465050703d1e68d4ce03a775f21c59cabe120d9f0df"
"design-system/docs/lotes/lote021.md","45","c086917404bfe444c65661a7bb3d146fd9a7d67f0a3b0f41cf7caf09473a80e5"
"design-system/docs/lotes/lote022.md","44","4403fa0ed2ddd4976e044a442251e43bdbd41c6151284126b72f411323739421"
"design-system/docs/lotes/lote023.md","46","c93e095f6d3b0c4aab987521cf9dec706ac3a68360578c37a46b21884f281a5b"
"design-system/docs/lotes/lote024.md","53","5206fdb59ddfe02f8459827868b18deb56a3b6d7299fc7dc655b1529ead6671e"
"design-system/examples/accessibility.html","111","14a1f0cf5ba4894205d457d1136f185f1695a41929a40c15a850dff081a4c868"
"design-system/examples/analytics.html","108","3b61d020430f70ab4b565d655af8d36b627362f231a98264dd34b0c9a3539db7"
"design-system/examples/calendar.html","69","e7c063d0105f4e1c4dddafe46a9e1c7f0f42ffbc26b949a4069828652329866c"
"design-system/examples/components.html","94","99c04e3474db92eaea5479013c2337a07e063434fc11d914b08fea8386e6269c"
"design-system/examples/dashboard-shell.html","104","761bdc7e632945a7645bb8be5fc95667d19879db31b1f5ee39aa5976acbc64b6"
"design-system/examples/dashboard-widgets.html","90","27b79ffa4779ccda6c211a7cd89bdef8f6f829ed02f051fdfb74a6df810a26b8"
"design-system/examples/developer.html","101","1e5c27bfd89747e31d43ca263fada5c6a9c8003537aea9441515d6c5f0345ee4"
"design-system/examples/documentation.html","106","7b05e31722d69dfcdf593da962caacf327528e67aaf8256c75314f7d87cb5ad1"
"design-system/examples/export.html","115","0a5a0995f00c9d4387f7b4680e3d1a818b1f264065bf2bef7f329e140f251fc7"
"design-system/examples/feedback.html","103","ccf15260ba32c46ad4297e971fe18e8e4739e0eae2d2178f2267b0b9e94b9cc7"
"design-system/examples/forms.html","100","ab3348b318b159a1204a6d27d13c9d22d11c053a7a5b069261cf98910ddd0a14"
"design-system/examples/layout.html","104","6c0f8dda596f0d084bd67e23b1191e3e1c652a19345864132d8ae186a9997264"
"design-system/examples/navigation.html","99","62276dd59c475be4d545d0cfa178d85dc47fa4056ef1a1c2cd8ec944eddc5242"
"design-system/examples/notifications.html","101","97e1a488b82c809b108ee1d35a4cdc85eaefae3d247cb6202d56982e20112a7d"
"design-system/examples/operations.html","105","4729343b557ce04be2466d284d3dfc9e97b42b6f026f008aa59003071beea427"
"design-system/examples/performance.html","106","6527fe6e787663e4bb365dbfa7afffa6208ca5183c73758813c7bd68b060a9d8"
"design-system/examples/release.html","73","a5a33196cd2cd859ccec05d5f680df5c575b995332c588ffe430c5cbd2b6618d"
"design-system/examples/security.html","104","30faf212faa4befc7bf24e0252f1ec7123a0000900d6f5ca0e995490b0fa5b56"
"design-system/examples/security-admin.html","111","0581b1861e3798398e6a2520d29c3d06ed9924afa63b7bc9b3198ff508eed419"
"design-system/examples/upload.html","77","730fc7502c0501efa1016a5896a5e12494ed246b5edc5eed92a24d452d1c31ee"
"design-system/examples/workbench.html","67","5aeb41e20962cca39102aa092eca67b9d411e4a35d901c763f2878e6982c2ef3"
"design-system/examples/workspace.html","99","d3ccdc6a0856487f1193a473dd32f3fa33921c9a91a7edf9e466972a9bf1196e"
"design-system/icons/alert.svg","181","90b88d8997613a42b9ff6e351b3646d2db3bb3255848defe6d378b8894935938"
"design-system/icons/analytics.svg","150","beb11f11e85784f4433e448a6ed9fba57e2edd772371cd674ad320c25c095967"
"design-system/icons/api.svg","126","d35da2d87f06501bc605686e62fa6e3560addda541b978b83787d035dcf66244"
"design-system/icons/bell.svg","160","b8c537aa6492d60645c1817cdc469b87b260320765f3ac0afaab539d9dda294a"
"design-system/icons/book.svg","125","a819fd07df018aac767fe8b30242fd2d36d6a4943a73dff99a342ea12c7d6493"
"design-system/icons/calendar.svg","190","156572965522e8f293e51350ffb41d8ecc82935d5b4a78329979e29925e905ce"
"design-system/icons/chart.svg","151","ef11da4864a509b6699ffe87c3cfbfab2726956d07085f4b2a1283453e39bd9c"
"design-system/icons/check.svg","143","2529166cc4a191206fa2d5ad582eee6f9083612d950667a11d77246e849066f6"
"design-system/icons/command.svg","322","21156828ff7e83821d53d2ea45ef34dc475b85d357ebfec214ec13f4ea1f4ed2"
"design-system/icons/dashboard.svg","367","888c4290f61f260edb21ee0d9b6efb811a064f7b5e0905d0af974ba79d9c9179"
"design-system/icons/download.svg","141","577de48eecc1f56ebd87a66a47405d5aaad46f06a55f8771c222d166a9cc3361"
"design-system/icons/export.svg","140","accbc199fbbb70625e6f230892f9efacf5b7b2849ebe1eaa0bd5a4a0a7703021"
"design-system/icons/filter.svg","135","3167314081b4fb376789fcfb46b276791dc9fcbbaf5a100047ac216b558ed9be"
"design-system/icons/globe.svg","225","72ef391530209719b3ef8a5d07c0cce7d376266ef127c1fb8167052a7d86fc44"
"design-system/icons/grid.svg","140","6c928dbf7fae60466c0b408e9c1b7a323eade7f606c4544808c1cdf9f98aa730"
"design-system/icons/lock.svg","217","8dc5000511fc32e113435fe8181a1fa90263d0b325144befcbc8e07a413658a7"
"design-system/icons/menu.svg","135","3ef92d3edbfca26fd1620c32cb3ce79f54b191f0842d6c55e9c6a541cd5bd4f9"
"design-system/icons/release.svg","128","f21da3f996d4c9669bbf70c92d26602503c81396c973b44eccb81a6b2b7829ef"
"design-system/icons/search.svg","176","f1618c89a94917654639417638eaace10868a2b02eb242b5150409b22dc76d66"
"design-system/icons/server.svg","217","5c0e1caecdedeb0f389b3664b76209002481fa715210815661a5cae5a856746a"
"design-system/icons/settings.svg","195","d5c480d3fe96e40d5b9d150af02fa254a0e6082127a952a4672e9812c66649c7"
"design-system/icons/shield.svg","154","7a0dbeb1c385d955629eeae20a12308b35017ebcdb850c0773e3ebae8c3d240f"
"design-system/icons/speed.svg","173","22d396959f6b48edd1d1cd3b522f48d14e43a917f8f9d198b41b1c0079348e35"
"design-system/icons/upload.svg","140","3dfbdca0f7b58d78a9e309090795bc1914fd259c2882b21f49624125c8996d43"
"design-system/templates/dashboard-layout.html","65","e029a1559c33cca1e0bebed47f31c6b62ff8d343e291a997ed8b4f733365553c"
"design-system/tokens/access-control.json","57","dc8fb3c170cdd16dbfbe889bbf4b8d33ae5dd380ff49a51102cb5406d46bd84f"
"design-system/tokens/accessibility.json","88","8a782ea391a4c71f1ab50402d81954fca7550ee9efbd0aa34310c99feac3a20f"
"design-system/tokens/accessibility-level.json","39","dcfbfc7d8ccced7e71c8d0412127ec0d5272a0196a4dfefa16501df2948f606a"
"design-system/tokens/animation.json","48","3f85d3376700158325e1a3dd17fa4f06f8c645fec9af9db1acd4713766ca265d"
"design-system/tokens/api.json","47","b35286b8a38405baf27f090932b6836cd65699a1cc7c71ba3c51107f24cd07ff"
"design-system/tokens/audit.json","35","22f36f93b6ff4e98603331772d2e8d5cbbd6f6d1a5bccc0c75277040d1e97395"
"design-system/tokens/borders.json","43","2d9a47a1cd1a0024a0197f3337b02dcbc31b9ce2db233fbc843c9d1496fcaeb9"
"design-system/tokens/branding.json","42","469500190e5b050b384a2c963ed774199815deab87a6df9d1c7e4779afb27ca8"
"design-system/tokens/breakpoints.json","46","fee2ae2f107940a138413345fe2d8b2f188907ed63f307527123e92d55f60ad6"
"design-system/tokens/charts.json","63","c054103a6f6fa1745e8607e3faab12292e638668f241550181e3ebca5bdda091"
"design-system/tokens/charts-lote015.json","48","b7686917f01528adb6edd6a8cc7eed2fd8216224196541c949a07fc60ecea073"
"design-system/tokens/colors.json","116","5e8f291839d89c4004cbc056ce287872eb1cfa423a6a4cac826a2b19924c1a19"
"design-system/tokens/density.json","57","7a5a63f915a4c724930559a462c51f170032fc2ba24712a8eebf8a3a7a2068a0"
"design-system/tokens/deployment.json","48","1aace39e03cf5f7f58e29a8122423fec172094927a3145c7849bda1253c81a6b"
"design-system/tokens/documentation.json","60","fde5dba97488952ce23d80b6918e70c9f680619f0b4435685be88b763159cdd4"
"design-system/tokens/effects.json","74","ee36d7136fb7092a787996260646aad819a2d0e146966ebbddd105cfef32892e"
"design-system/tokens/elevation.json","77","03392da989897ca65d2e9318796de79cdf1d9370ac552201dd51f1ae92f10760"
"design-system/tokens/export.json","39","ef9d089b7d6eef4c2f697c337f2b7c647c1d01daaeabc1b7c21e825b3bbf0239"
"design-system/tokens/forms.json","57","28388e940095563c511362fd991a2dbcd09fab1facc8dd6b781b154c7b160253"
"design-system/tokens/forms-advanced.json","60","067f20acf0d6d65db668208799c66acc3b5dfec6f2e82e77d0e22755bdcd3d54"
"design-system/tokens/governance.json","52","0869e45532624d160924b0114b758d4cd89c576ca626005a5ff2e76918b5583f"
"design-system/tokens/grid.json","50","e3cde9935ea5eff871ea1f81048e7b0f3f9010eedbb079e6b8ba5db49e9e5f3a"
"design-system/tokens/interaction.json","51","822d6f047a9f67f21f83a3cd3601291d9e02859f96ca2bd9e1f31beb359296c1"
"design-system/tokens/internationalization.json","58","1471dc85302fa5a6a7f49c15b722a861a0bb0bc9ad4e477d9babe3cd1f1e72ac"
"design-system/tokens/layout.json","56","f664cf3c2acb5c6827a3ac1df27cfee34363d5345dcdb9222ccd9993f24ee809"
"design-system/tokens/localization.json","51","54bbad49c9024d880753b7f9caacc569dd3592142a4d4007cc40c21fd3942f3d"
"design-system/tokens/motion.json","54","66d22cf08330892b24babebaa76d9a4f7b3f33fa2f2dc627ec44dbcabb8e0faf"
"design-system/tokens/navigation.json","50","7bdda554a5fc94b57a15fd5a1950ef1f5e279a2337f9ae30269cfed8321b4f37"
"design-system/tokens/notifications.json","38","5ee0eceef05443a0c3e2d8b8145270e25e56571431006f05f26c41d67fa8ee7b"
"design-system/tokens/observability.json","57","8dce88505d4c3794207c2c9777282a48beafb1e21b6161a7b56d502be613d897"
"design-system/tokens/opacity.json","61","b8d20834b06709b31a3751b78bdec04d05871ed689f35d35b13b9001a7419111"
"design-system/tokens/performance.json","64","373a339e8b37c85be9414dd693be9578d1d5dfda9a6b77477f9b5f23cd4c00a4"
"design-system/tokens/radius.json","51","9481f22f5f32404de1baacf747a283058cf649c30c522cdb7c5666b4c7a2c053"
"design-system/tokens/responsive.json","48","5ad80c6f55d9cd48c8ede08ca870e245e0b7b23cc8a0515af56e83951b74bd3b"
"design-system/tokens/security.json","47","4ab98d7d04191f007d893baee2ca7a86ad40f748f2f790a586a31522f02176f9"
"design-system/tokens/semantic-colors.json","76","c933016856aa126db077e2ed883766d4a81c857171b4efd5081db112d113d83e"
"design-system/tokens/seo.json","65","ff998458865fbb70af4313ec28652a8e66131ea14aebf3b65850e653160ce68e"
"design-system/tokens/shadows.json","70","4b7e50295d9ae9dd0e341f9671113b11384ca0d74c92f5c566a7ea12de1d7067"
"design-system/tokens/sizes.json","47","4293ce1119db9872a96b8aec0edd6712b79574017b9f002ef7b25c5c9a43f7c1"
"design-system/tokens/spacing.json","75","e570065d5cddc8b22da4fa24cdccf7cb44ff4fdff94bde1739b77cb053493f51"
"design-system/tokens/testing.json","53","8418f073042f0dc097bb48c11a54909c992282b7d54363894f9b8f0db09a7da0"
"design-system/tokens/theme-contrast.json","49","a402a6c60a8b9385006eaeac90a1663a9a6b04bc82fddd11de9683fdb990e02e"
"design-system/tokens/theme-dark.json","61","63c60a68920218e24c782a3540ed3986755a4154f496e628db4c5888b4b958b8"
"design-system/tokens/theme-light.json","61","81de84ede3810ed0aeee58ae2bf5598e22f26d6a4aee94fe8c4e681a1ab38659"
"design-system/tokens/typescale.json","68","564d1fb4b63d031af9d0cec02621725ae537779aed997d1be80312b117683d3c"
"design-system/tokens/typography.json","60","34c2a4f083d2779b6337c5f808313d26e7e1f82fea37f7b1324d6b336e6584ae"
"design-system/tokens/versioning.json","40","c055e1fb62b5136a7cc6a4a60e88f404de87db878159fb89d1fbbed2f1ce3f93"
"design-system/tokens/zindex.json","49","4fa60e61abec7d1a1e90b24e1ceab39154bc179f42fbbbea5b8564f33cd0f83d"
"devops/ansible/deploy.yml","913","96a4cc6cb7ebc440ed6fb133f60223ef24cb8dfd09d68243d82178e9a95871bb"
"devops/ansible/inventory.example.yml","144","72ee9f58b6ec22bc95d47f78da58bd64592f4f5d3427dca058a298ca0782fde1"
"devops/nginx/default.conf","606","7255a180de8c05376e6e6e0bdb9768bcc3a8bfe8d88b8b0489b41592b6909181"
"devops/README.md","648","c1dc53546115d7d9afebac02a786857c33bf9803622ae4d046d3e4848a9981bc"
"devops/swarm/stack.yaml","640","f5f7b39041defe9f0fbf01e574ec7c7bd850479a695b7ec97c396b7546a5e6f8"
"devops/terraform/main.tf","2500","7d1580d7d1425aa1f925d26e33a94d851ef818e12f2d7cfee83565a6d87d3bde"
"devops/terraform/outputs.tf","149","c235f141b0874d5b784cb51dc953c47121638e7f2010ca6d0167d5dc53c3c662"
"devops/terraform/variables.tf","370","d4fd4402b69c422694280dc7baf83306d996e34ffd6df38eb001806309732083"
"devops/terraform/versions.tf","148","bc5315a2ff6a4c37c05dc18078d05713dd917e72e21bb6a161cd6ce649dd3cee"
"dist/backgrounds/backgrounds.css","1112","a224150e4587009b5ef8c3d012340d226c0477d84fa3a9f94b9cd3f8586b1a74"
"dist/backgrounds/index.html","840","6bf4f1848001f7e640390e08e81f948f13e8fd55f5283ceb5d43d3def4a6af74"
"dist/branding/BRAND_SOURCES.md","1702","587e9d2d913d05bb8688e77396230f78d5436470c8e4e2948062cacc4c41354a"
"dist/branding/docs/manifest.json","3144","f6a54aa76735d6524e3beea9eef20fb0e15cfa92a9d9723b657d700b0cbed5e2"
"dist/branding/docs/README.txt","859","05b7ef32a6daa2e759e7b9b0ea6c90305eac9b409939a50ad8a5be85de69a922"
"dist/branding/favicons/humanati_favicon.ico","7872","cfd1cfce9cd06efd4b8daf3141dcff563d938ed63c8ee279c12803ab458204e3"
"dist/branding/favicons/humanati_icon_128x128.png","1653","3f1e58e732000bca14f841165d67710516df62f8c6ffab3b767a2756efd436e0"
"dist/branding/favicons/humanati_icon_16x16.png","420","4d6db585ea01fa938721e27546fce9d181c3821af266275346c6971f75151da9"
"dist/branding/favicons/humanati_icon_180x180.png","2172","30aeae1587ffb97b79b07096c494b31d483313f6c40c7e543ec2530d01ecd994"
"dist/branding/favicons/humanati_icon_192x192.png","2254","5b00d39b594f9d95e71c99039bf8dcef62b1f412f5feaccadf118685dfd04762"
"dist/branding/favicons/humanati_icon_32x32.png","726","34f00c0442ce5c3f8d57135fea55444beeed284d5f0a5fc580b473412e5d64d7"
"dist/branding/favicons/humanati_icon_48x48.png","899","4cee9b4ce37ca3554e2cfa4864d31a614977dd51fdc2c69a845d15a00c22dae0"
"dist/branding/favicons/humanati_icon_512x512.png","4144","301f7932a4f0e1195afb21357f83c134f0050b817cdeaa07267ddb4543c74ee8"
"dist/branding/favicons/humanati_icon_64x64.png","1030","b6163bc0c81c73d98b062c64d21bca69ac9c73b3ab334689a8668de97f287413"
"dist/branding/pdf/humanati_horizontal_humanati_blue.pdf","5093","b73dc592d982c49500cd9e03ba735f5eb4ffe4e8c0f2f8a2ee4f5c47310b8139"
"dist/branding/pdf/humanati_horizontal_monochrome_dark.pdf","5105","71b3e14695705480c978fccd4748ef0d66bb6b708e541ee4c9c7ac3142e48118"
"dist/branding/pdf/humanati_horizontal_negative_white.pdf","5090","46f319572f2060ee5f36011d00e0e31a1be86f557c47ed5f2d90a2552e3fe96e"
"dist/branding/pdf/humanati_horizontal_original_black.pdf","5088","bb396efaa39ee1e102fc0bd2a678167b73cd7045e7708ea291c5cdf41f7925f2"
"dist/branding/pdf/humanati_symbol_humanati_blue.pdf","1345","82ddf70ab7940d6c274c52799f2d06b83729e2b8ec8878939b4e19b7558e09b1"
"dist/branding/pdf/humanati_symbol_monochrome_dark.pdf","1356","326914b01f3c4b4829ba8aeecbc9b508b3b6e91ffa6ee543138183a6409b8ab1"
"dist/branding/pdf/humanati_symbol_negative_white.pdf","1342","041085840c38bd56445ba66115aae166e05e546793d1d1391288763d9564a740"
"dist/branding/pdf/humanati_symbol_original_black.pdf","1343","af7c012d6e0ee4114d02f0a9ff914e0a922869277ef211cc2cc6a2989adaf138"
"dist/branding/png/Horizontal/humanati_horizontal_humanati_blue_1024px.png","28084","eb7f9c4fc4fea797c67597f93e5ecd2cc82fef728db41e0a3bd2098c2b11e61f"
"dist/branding/png/Horizontal/humanati_horizontal_humanati_blue_2048px.png","64207","68faef4e29ee3b4a1a03326bebc350528b6e733cda2b29ad61715561ef271a3e"
"dist/branding/png/Horizontal/humanati_horizontal_humanati_blue_4096px.png","161922","faa28a8db3821b19706584c35be4ea364f2b28669a56dc88cfbae42911392ceb"
"dist/branding/png/Horizontal/humanati_horizontal_monochrome_dark_1024px.png","31917","8a23faf878d030e611cb4771db17a0bad668abac3780a30c31c4d6153c492628"
"dist/branding/png/Horizontal/humanati_horizontal_monochrome_dark_2048px.png","71827","8fcd4f7b024ee254a58cb35e3180d0978f24b817ef53e1713664d2aaa626cb6d"
"dist/branding/png/Horizontal/humanati_horizontal_monochrome_dark_4096px.png","177189","9e9326f09a9fefc471cd0d7c04ed168cd588f5ae4615f078d7667fc374774dc4"
"dist/branding/png/Horizontal/humanati_horizontal_negative_white_1024px.png","25311","9366403ece73ae4b6f5bb7426331af250ffbbbaf43bf0f7ff45fff7b6fd0f858"
"dist/branding/png/Horizontal/humanati_horizontal_negative_white_2048px.png","58744","5cb87037700674b7483db3e70c4b696b99ef27cb3fe9f529313df5b6d0daf119"
"dist/branding/png/Horizontal/humanati_horizontal_negative_white_4096px.png","151592","9d0dc8cd5e060c8e3d0fce35a38b3f12c1fcfa8c6ca089052c8dec100c649ebe"
"dist/branding/png/Horizontal/humanati_horizontal_original_black_1024px.png","23629","f9b04c799775a0e607903989c9837a6811ed7be3564d9b199af34d8c445977f8"
"dist/branding/png/Horizontal/humanati_horizontal_original_black_2048px.png","55570","835a5cc8ffb0244adb15657804e629d4d92c6eb46eb7fac3eec1c15079d61dea"
"dist/branding/png/Horizontal/humanati_horizontal_original_black_4096px.png","144822","58a44693992fd1e39840bf481f2ead08fcf92431e057dedcc4154e21ebc0a07c"
"dist/branding/png/Symbol/humanati_symbol_humanati_blue_1024px.png","10183","e0368baf334059b39dcc0214936936b1d6f12370ad930356e13acd6282daa5fe"
"dist/branding/png/Symbol/humanati_symbol_humanati_blue_2048px.png","28143","854b7d0abb0c9be76d376d9b8fa9d9302c0810140c81a7acc909ca7326f966fc"
"dist/branding/png/Symbol/humanati_symbol_humanati_blue_256px.png","2056","5898042b07cfd67eb0045a1599eb3d50d5597a746ae2060a76e0a0996857386a"
"dist/branding/png/Symbol/humanati_symbol_humanati_blue_512px.png","4161","8ba528902b7fe055fe02616564bdfe223077762309b1a81d7537fff2426a7dad"
"dist/branding/png/Symbol/humanati_symbol_monochrome_dark_1024px.png","10714","44ee48ac2c0cb5e5dc0569e68776bb646b73457dfbe7b440dfa31ea3182a5f54"
"dist/branding/png/Symbol/humanati_symbol_monochrome_dark_2048px.png","29186","e9ee0008089f42f276d13108ff2ef00e286c39ed368b2813473c034934230b27"
"dist/branding/png/Symbol/humanati_symbol_monochrome_dark_256px.png","2166","5bbcecae002c6d1fd73a632b697f3e659f7abb91c97027211753e824326c76c6"
"dist/branding/png/Symbol/humanati_symbol_monochrome_dark_512px.png","4412","092a8a17f54342c4c7536b3824a9324280971ce50c3d3feb152515990a84f9f3"
"dist/branding/png/Symbol/humanati_symbol_negative_white_1024px.png","9714","6f8a355393772a3ac0930da558ee85e991f733a5c580fe988df215844d8b6b82"
"dist/branding/png/Symbol/humanati_symbol_negative_white_2048px.png","27105","c3b372f7c8155d4c5885ab80fbc936571732ba7f14339cdfd6508bc2cb028fe1"
"dist/branding/png/Symbol/humanati_symbol_negative_white_256px.png","1857","83f77ebff6a5a0f18b1a11337bc1405c166eaacdcf35de51417ad61a84f8cb8a"
"dist/branding/png/Symbol/humanati_symbol_negative_white_512px.png","3893","7c8f5d22ebad71e55a9686f04fbd4967758b48e60f889387fd325957d6e0964c"
"dist/branding/png/Symbol/humanati_symbol_original_black_1024px.png","9567","cc0db620eee7eadcfbd9a98773dfb59da70b8f7e11da93b514f2b4f753442114"
"dist/branding/png/Symbol/humanati_symbol_original_black_2048px.png","26860","45851f8d0f15d3915563dab062e5cd9c40af530c81afaf15f673e8aaed78b0f3"
"dist/branding/png/Symbol/humanati_symbol_original_black_256px.png","1792","9d62b508f2fec0bd8f1f91a116380eb575325e11d00438e49d498e2fb729232b"
"dist/branding/png/Symbol/humanati_symbol_original_black_512px.png","3810","7d0307220602e44d69c4c7cb1686cb7f9dbf8dea929a4ef569caa70375857094"
"dist/branding/products/monihook/docs/manifest.json","2377","c323568c039bc5d3a6f7eb6fe73c8ac1e10a291ef386202a9a3e6e6873b5790f"
"dist/branding/products/monihook/docs/README.md","1030","dec557c73a664699cf24d4c52138842107c5e01e162f5130b3370e6e870136e0"
"dist/branding/products/monihook/favicons/monihook_favicon.ico","9201","57afac1a0545848a6efdc409347d56d54eb6adf4eaf3186d0dc6d2bbd4de8c75"
"dist/branding/products/monihook/pdf/monihook_horizontal_mono-black.pdf","2029","f2a5c558a200041b8a6d13331069cc9a1e262849cc81c7334280126a5806a8ec"
"dist/branding/products/monihook/pdf/monihook_horizontal_mono-white.pdf","2032","feb491ad0c1a018f0e26563c8f24d6a58f90cc848cb91d47580316a14d449934"
"dist/branding/products/monihook/pdf/monihook_horizontal_negative.pdf","2050","40ea79ff00a606fe64ab1b3fb81d387784fbbb7278697008d0034fd945e1b8e6"
"dist/branding/products/monihook/pdf/monihook_horizontal_positive.pdf","2030","c972a02867c5284cc337894061babedbc6ab87f5e0344069d280fc65cd65c655"
"dist/branding/products/monihook/png/app-icon/monihook_app_icon_1024px.png","12963","7c81a772b2c553c0c45b7682dc0191386ffd723eb92af894cfcd1e90b83bae1b"
"dist/branding/products/monihook/png/app-icon/monihook_app_icon_128px.png","1289","4f96ae38bfb419eb59b37ca82154361b20813c3500150d6fc4eb4972561093e0"
"dist/branding/products/monihook/png/app-icon/monihook_app_icon_16px.png","330","11c39761841d37f6dbcab51e6612e258cc0e869f4e027f9edbb5615c4a3fd09b"
"dist/branding/products/monihook/png/app-icon/monihook_app_icon_256px.png","2303","aadd1aaf004d6d811a34f904f03a2c17a336a2e31d75df9c72c250513200c1b2"
"dist/branding/products/monihook/png/app-icon/monihook_app_icon_32px.png","535","33990ee94bef8d255febb61305e0e5ae675126d9f2de192a1f6b2fc571251bc9"
"dist/branding/products/monihook/png/app-icon/monihook_app_icon_48px.png","655","84d4d481ea9ee26a9412cee3ec2ca101f977413bf35e2fad782ca142f738bba1"
"dist/branding/products/monihook/png/app-icon/monihook_app_icon_512px.png","4592","0b5805925dea7748186754d062d68439e2be7f4288c0648a15519101447e4a9b"
"dist/branding/products/monihook/png/app-icon/monihook_app_icon_64px.png","720","beb19644b3c4dbb6908a331be2975dd1ae88adb4ea236d8b24ee96d908c81a51"
"dist/branding/products/monihook/png/horizontal/monihook_horizontal_mono-black_1024px.png","9090","0cf64297f671050c76d103b5ff9ab001712722f91766ee776a064edf35ad40f2"
"dist/branding/products/monihook/png/horizontal/monihook_horizontal_mono-black_2048px.png","21355","3ebe4a8957dc58493e3bb89c61da357ead283f972722cc7048db7a55d4e63514"
"dist/branding/products/monihook/png/horizontal/monihook_horizontal_mono-white_1024px.png","9308","59a4d385b973e3f96a1eb6d465d2787675e96ea41b5a06ea89baa49b2bd74532"
"dist/branding/products/monihook/png/horizontal/monihook_horizontal_mono-white_2048px.png","21788","f57db8c85430cd5ba25f58d603add268202db0838f3a67b8cd324d0eadd2a04e"
"dist/branding/products/monihook/png/horizontal/monihook_horizontal_negative_1024px.png","11333","d205e8bb0e1cf02b705adbd59777511e9b6a33e65db3772ab911bd0476ebfb05"
"dist/branding/products/monihook/png/horizontal/monihook_horizontal_negative_2048px.png","26050","1607a828782d872a470b95b45bb1a3e295561e665bc6848b4a7ddb5d06cbc819"
"dist/branding/products/monihook/png/horizontal/monihook_horizontal_positive_1024px.png","11377","8c8e527a9b8068e67cebe8b6e611c21e09c4b1b41867133232cccd8de8f91370"
"dist/branding/products/monihook/png/horizontal/monihook_horizontal_positive_2048px.png","26058","054d3b5a18fd2098c848ae71777642801c1419ed8f48de684e825e9c403f39aa"
"dist/branding/products/monihook/png/symbol/monihook_symbol_1024px.png","19874","5743ad7ce3ae9f8026aa578a80b339d4d53149f50dc139ed909fdfb21b8e4de7"
"dist/branding/products/monihook/png/symbol/monihook_symbol_128px.png","1730","ac503779504c0c9f8530abc9a74a01b79aebd09b020e44ac611fc54b17a566a6"
"dist/branding/products/monihook/png/symbol/monihook_symbol_16px.png","419","8df336e974d2370fee52301f154db6819923e79f177de56847b052eb5f61e142"
"dist/branding/products/monihook/png/symbol/monihook_symbol_256px.png","3122","96d97fe30144373a44935ee547ba43b81a89ad0783342e21a7d60f60eb4dad46"
"dist/branding/products/monihook/png/symbol/monihook_symbol_32px.png","758","bf0212791cd0ff1f0e7dc160f657187abb1c2563481518a3735509abe36f28d8"
"dist/branding/products/monihook/png/symbol/monihook_symbol_48px.png","952","2d0c62447c195c36050b78da6f08b9bf5af6b678a4fcdcc7d4e10aaf06524515"
"dist/branding/products/monihook/png/symbol/monihook_symbol_512px.png","7001","122655a034b97746721bee5459d711309cbc7558979d20aedbc34d6f73fda381"
"dist/branding/products/monihook/png/symbol/monihook_symbol_64px.png","1082","f501bdcdabe9c0d0c7dbce99c834bfb035e9aad217d97fae7c9b9f7680195bcb"
"dist/branding/products/monihook/png/vertical/monihook_vertical_negative_1024px.png","24856","19ed8b1987a8d7774b62fa9e588017fbd66976ae769b26d55e19f3ff1c0c6fb1"
"dist/branding/products/monihook/png/vertical/monihook_vertical_positive_1024px.png","25477","913179f0fbcc88fa01d171a52885e1f7f64c08a5805fb0e1c93ba127bea28b2c"
"dist/branding/products/monihook/svg/monihook_horizontal_mono-black.svg","863","fc6db9c2ccf4205a8a71789678d3100be427b073c7ffe53d76674f11ba2ab0bd"
"dist/branding/products/monihook/svg/monihook_horizontal_mono-white.svg","863","0646df9e734cbafbf681e4db35843a2245d19b9d9d9565e6e4bbaa7e1442f95b"
"dist/branding/products/monihook/svg/monihook_horizontal_negative.svg","924","b9538ae595b28cfc83090256584a9ea0c2eb16d3ed6537d0054a488c4041c0e8"
"dist/branding/products/monihook/svg/monihook_horizontal_positive.svg","875","df109df0e959da2807a4f95bbe10e9387e468d543d5e274862d2a832eac4da28"
"dist/branding/products/monihook/svg/monihook_symbol_black.svg","481","809b91cf0eadd9e3141f912be012258198bc9c7d13ff131fd905b4909e0e41dc"
"dist/branding/products/monihook/svg/monihook_symbol_brand.svg","493","bf3644df4f191fb8d6d2fd6741f77d7cd6dad349d5bb10531758945503fb6b51"
"dist/branding/products/monihook/svg/monihook_symbol_white.svg","481","ae9e3495a3d38eb7c6a9a67edc125df1c0a1fa2a241cdd054511fdae62382acc"
"dist/branding/products/monihook/svg/monihook_vertical_mono-black.svg","905","86a4e9e342fcfce5195c43a683fbb268b8436cb0769f666442b491ea0d98ec35"
"dist/branding/products/monihook/svg/monihook_vertical_mono-white.svg","905","f94accba488f5cfe984b9dcbf50ba939f18bd24c7dfb913be350fa582ee7a216"
"dist/branding/products/monihook/svg/monihook_vertical_negative.svg","966","82c8067b8907964155eeb69d2b834a79f39c48d9b69fd78fd7e5215b80c06c67"
"dist/branding/products/monihook/svg/monihook_vertical_positive.svg","917","adbd1292485f9e33af369fb924a1e0179e0976996c02d71ddfc17cccc4a2eb51"
"dist/branding/products/monihook/tokens/brand-tokens.json","331","1ec643943d86f4a9886ba77e589ecf5fe2da19ce43e835c1d4e10eaa3b7b5cb1"
"dist/branding/products/vane/docs/manifest.json","2201","e6f02a68da9c394dd54702232d8f6eeeaf833753565ec425cff9ab83d47e31b4"
"dist/branding/products/vane/docs/README.md","1022","048a6808f2953b13b94d69d387213e54ad1595bcc3940484b2d643d082489d08"
"dist/branding/products/vane/favicons/vane_favicon.ico","26871","38e1b1d9d76f0facd1812967e8ac90a8bbde1dc20d8eb094bae6e6bd840b11ea"
"dist/branding/products/vane/pdf/vane_horizontal_mono-black.pdf","1714","d01c9b0497c8c060484300315881538e73968b995917060cbe9fc331ffb468c9"
"dist/branding/products/vane/pdf/vane_horizontal_mono-white.pdf","1715","2b01c3048c84335c6354377d12ae2c3bde43337d2568e15d3a3a771fcf91e8ca"
"dist/branding/products/vane/pdf/vane_horizontal_negative.pdf","1744","39e309f45a66e32f91272d7dd9ea8d613d894fee93d983064f8dd9992721599f"
"dist/branding/products/vane/pdf/vane_horizontal_positive.pdf","1728","823ba21874feef8e4de617744007c7cb5aa551ab9a847472c74c2d44e61d2645"
"dist/branding/products/vane/png/app-icon/vane_app_icon_1024px.png","41981","df310cb87ebe63c8ef944f8c0d26a43a960a40fe13ad370aea00105aede5fa46"
"dist/branding/products/vane/png/app-icon/vane_app_icon_128px.png","2981","4c4797caa0c831b34d1722798acbc25fa29fbf6f6617fa2f01f70e85156956d2"
"dist/branding/products/vane/png/app-icon/vane_app_icon_16px.png","417","cbe23e02eefa2fa912eba1dba3c8dc582e8db7a14c9937f9acd562c0e0bdf2ca"
"dist/branding/products/vane/png/app-icon/vane_app_icon_256px.png","6163","37e00725aaf4e91ef7c596359eefccdc43c81175b311df6a2d3b6730b9b562b1"
"dist/branding/products/vane/png/app-icon/vane_app_icon_32px.png","836","08696f52028db2c873cf9170a6ca43c6c44021e743fca106700ad82741d94eb1"
"dist/branding/products/vane/png/app-icon/vane_app_icon_48px.png","1204","84166b69601e20375ec65900c7db301fb78391eff253e03e7c2aab890268768f"
"dist/branding/products/vane/png/app-icon/vane_app_icon_512px.png","13218","84708d7e1ab58c3f58e42e30b97d25271ae895a60867efdd4099eb09dfde46ac"
"dist/branding/products/vane/png/app-icon/vane_app_icon_64px.png","1563","9c8cf2b371d761f6ade8c585ad386153fb689f62e1651a4fdb741169987baf1e"
"dist/branding/products/vane/png/horizontal/vane_horizontal_mono-black_1024px.png","15685","38abb8eee0571150f2c14131c8ec5720526fb08e5ee7a3e2aefe43e255403744"
"dist/branding/products/vane/png/horizontal/vane_horizontal_mono-black_2048px.png","36725","8bac6aca836d198bcee9b16efe2915ca3751b343b05084a6ea443bef07a66cc6"
"dist/branding/products/vane/png/horizontal/vane_horizontal_mono-white_1024px.png","15939","5218d2ec24b528f22501ea68ce9866058bce75d34e4284f4354a62019ef9f2db"
"dist/branding/products/vane/png/horizontal/vane_horizontal_mono-white_2048px.png","39395","79ab60cab77f45e3051c5edc7a0970e70bf29a9401ef5895fd871d58025d5776"
"dist/branding/products/vane/png/horizontal/vane_horizontal_negative_1024px.png","17126","ad55e4ad5bd694976fcf8a28b9a68c32e90b1eee4ad9fa1fbf81bf138b2188e9"
"dist/branding/products/vane/png/horizontal/vane_horizontal_negative_2048px.png","39585","1d05be5aa330b0706656f32440b103d00fc31f69f631b8391cbcc58bcbb42f1c"
"dist/branding/products/vane/png/horizontal/vane_horizontal_positive_1024px.png","18561","4489c5d3b9ce03fbc59b96ae7f50f6f900804fa5146933bb55f0dfb63ffeb936"
"dist/branding/products/vane/png/horizontal/vane_horizontal_positive_2048px.png","43363","d4ba3e76cc9e4b8ac02284cece559cb081eee4344658ad4ff6467d01903edfe9"
"dist/branding/products/vane/png/symbol/vane_symbol_1024px.png","80919","9bb9328512479c8e2fc9e71da9d4acc89258bc1eb4dd7f9cfc41cfcc31c71ba2"
"dist/branding/products/vane/png/symbol/vane_symbol_128px.png","4638","2914107d4c09f11f95bb3d1099042dfbf6ea4fead3bfed56db76fd3206c67a43"
"dist/branding/products/vane/png/symbol/vane_symbol_16px.png","623","1fe98ec4f3ad50dfbd9db35d6eca655ee0e77b913560bfcb22fb9f46c8035c73"
"dist/branding/products/vane/png/symbol/vane_symbol_256px.png","10500","66a66b47be5b18ce3674dbc2c889d842322ce5d706722f2e3a712ca93ed199bc"
"dist/branding/products/vane/png/symbol/vane_symbol_32px.png","1262","9c1152387d5fca3b2c071e124a514726db22370ebbcca0c3d59d8296722a17b8"
"dist/branding/products/vane/png/symbol/vane_symbol_48px.png","1843","d0f7b513905331de8e184b3ead6f19d4189074953f10abb033365c4e5ef7890d"
"dist/branding/products/vane/png/symbol/vane_symbol_512px.png","26272","3f316a0f0f9bb2610a812be6bf5f2c9060e3c12b5131f36ccd40fab42308fffe"
"dist/branding/products/vane/png/symbol/vane_symbol_64px.png","2418","11f78e3497441d225733dedcd31a13b1a747d2f5aa0baaa69aed8e5b3dd8e0e8"
"dist/branding/products/vane/png/vertical/vane_vertical_negative_1024px.png","39578","6f616b17a364ef9e0ec46baf9c8bc9131970e707b959deb044d531084c3d9301"
"dist/branding/products/vane/png/vertical/vane_vertical_positive_1024px.png","44000","3c86016691e9e2421ce4f4d68d5d6c41a43b331840f5bc34c50f251a884bd2fc"
"dist/branding/products/vane/svg/vane_horizontal_mono-black.svg","738","534a64768b22bcaccff4652ec653137a7f4af6a7d678c2ca51a851850ba14bb8"
"dist/branding/products/vane/svg/vane_horizontal_mono-white.svg","738","ac560cfdb6d8392cbac38e6d59db45568dd8f1b133fd531527cd55a30b6416e7"
"dist/branding/products/vane/svg/vane_horizontal_negative.svg","799","635933e2d7245e843118b909bba11b87a3cc299f5b33e3aece9cf11737c865d9"
"dist/branding/products/vane/svg/vane_horizontal_positive.svg","750","533248f051b66a09874ab0222c7d44fe4a6f658d52c51de4bf3bc638e9cd1058"
"dist/branding/products/vane/svg/vane_symbol_black.svg","361","7572eaf78a8a2248e66e6a48e79a60dd85614e0c79d3369d5ab6903c21c35275"
"dist/branding/products/vane/svg/vane_symbol_brand.svg","373","20abf35455ea76c8855def07de6bb56160200b639094ef11470579bfeaf90876"
"dist/branding/products/vane/svg/vane_symbol_white.svg","361","c6c3bce27f00d3c0551537d795f657982f4cd11db907c652c1ec1a5147a2cc38"
"dist/branding/products/vane/svg/vane_vertical_mono-black.svg","780","d0e0c038d0ccc1e343c0463e110fd4c7e54688af767aa19e7c0ef039544678b8"
"dist/branding/products/vane/svg/vane_vertical_mono-white.svg","780","77e3a50f61f24ca8338c6a0a00ba1ff28b4115bf61dc913382596c13e84e6877"
"dist/branding/products/vane/svg/vane_vertical_negative.svg","841","4d04730a9ff116b3118e006db9dc5ccf97505bf3d032103f9a24d6ea23220796"
"dist/branding/products/vane/svg/vane_vertical_positive.svg","792","0926e8a2c9e05fb356ca0a6103b175557857716e4fe70516f8e8cf8c89a81d21"
"dist/branding/products/vane/tokens/brand-tokens.json","327","9c9ac08fd7148fdbdffd9ce84520755bd9babf9de4d18f2131badefd02be30f2"
"dist/branding/products/wic/docs/manifest.json","2157","66815ae4f6df27f94be1cbee04952c1d8af8e581875f5ad41bfdf3176dfa4533"
"dist/branding/products/wic/docs/README.md","1020","5e9f0d9d361ebf556a430fcac01d6c9c2e678ed3081e60d8275741cfa81d969b"
"dist/branding/products/wic/favicons/wic_favicon.ico","23561","304a5dd9712490eee28d2c80b1bc042b8b0a0a4ab0d21f699847eff0cb51aa67"
"dist/branding/products/wic/pdf/wic_horizontal_mono-black.pdf","1740","1cc8be39be4fbfb3b694980f493efdc1e4dca2e3b8d19e524c77bdd897c27b22"
"dist/branding/products/wic/pdf/wic_horizontal_mono-white.pdf","1742","1bfa24ade1a83101b580474c23258a4e88fd9797579e1a146e94f6005cd7dbde"
"dist/branding/products/wic/pdf/wic_horizontal_negative.pdf","1775","c555a0d362efaefa4976d10adbf88a3c24cc0c8055b27d8eb3bbb4866ed45e5c"
"dist/branding/products/wic/pdf/wic_horizontal_positive.pdf","1752","b4631e932c5a1d6a29c19ec81f07ab8958981e6af42a063ba3e14738533c4fe9"
"dist/branding/products/wic/png/app-icon/wic_app_icon_1024px.png","41172","86b12731079aec13352d324a114051779b61db26b247baf49f315e6b661dbf88"
"dist/branding/products/wic/png/app-icon/wic_app_icon_128px.png","2549","18f1aec547b960b3137682b7f304841c23893ff8fd09fe0cce43dd6560b3bda3"
"dist/branding/products/wic/png/app-icon/wic_app_icon_16px.png","393","e9a1f7d04efd8899970fa9a05e8fe62e7ac05767f34fa55f27db7ee5974bd18c"
"dist/branding/products/wic/png/app-icon/wic_app_icon_256px.png","5327","94acfe4dbab9b7cfa70098c1f5a993e44060fec0c154e89fd3758bd712c6f7b0"
"dist/branding/products/wic/png/app-icon/wic_app_icon_32px.png","724","b60cf712a3488cd64469f057140cb22fa05acfeed60c38ac7daccc492dbe8f16"
"dist/branding/products/wic/png/app-icon/wic_app_icon_48px.png","1038","c6c8d7719c21d261b88ea0146643f90cc45ae84db6683b172ddf7d4abe3d6666"
"dist/branding/products/wic/png/app-icon/wic_app_icon_512px.png","12473","3069fd01c48c24e54365a37933110284c4dcd3478e02ffa0c6160745e49f488c"
"dist/branding/products/wic/png/app-icon/wic_app_icon_64px.png","1287","6223555d7335e4c7ef0b89aee7591d127fa4e0f636bf3743d7577512f2867ad4"
"dist/branding/products/wic/png/horizontal/wic_horizontal_mono-black_1024px.png","15122","3601c00952b4296444a523c23f1c48586e9377ae44a917369143067dd4da540c"
"dist/branding/products/wic/png/horizontal/wic_horizontal_mono-black_2048px.png","35380","4a7e82d1db9378c3f634cbdb78f74bd919a8fa775fc39dc5773a00ae3e60f2de"
"dist/branding/products/wic/png/horizontal/wic_horizontal_mono-white_1024px.png","15645","945477cb1d3d9c911851922fad8f57e1a920e8a53910c4e9fefdb75c95e8f3d7"
"dist/branding/products/wic/png/horizontal/wic_horizontal_mono-white_2048px.png","37337","f0753682468daacdb1ea4304de8de1a96e1cc2fa8d99545e6ec948f5c01893f8"
"dist/branding/products/wic/png/horizontal/wic_horizontal_negative_1024px.png","16743","20b3a2ec894c38eedff0e12385551c3c56eaa2682203b50378cd7d52b80a7321"
"dist/branding/products/wic/png/horizontal/wic_horizontal_negative_2048px.png","39434","8f2cda9a25f400dad93f0e64e97524351a64434888b9cb430805655a3f169d88"
"dist/branding/products/wic/png/horizontal/wic_horizontal_positive_1024px.png","18629","a79880d64af080b30600ae7e11a19fefda64e3e928000ed633d6f32a96d49491"
"dist/branding/products/wic/png/horizontal/wic_horizontal_positive_2048px.png","43307","3bb85b170f3cbbacfc494aa59c2595a3ac8ef275c140a2b14a93190af1e67325"
"dist/branding/products/wic/png/symbol/wic_symbol_1024px.png","74557","08dc0fa46d28b4a4d2f975b169d727c2b387ce63216d9b938ec3496bbedda7ac"
"dist/branding/products/wic/png/symbol/wic_symbol_128px.png","4052","15985fc841393fd606c347dc35414af67eb58f0187e23d4d37f5554214c4d583"
"dist/branding/products/wic/png/symbol/wic_symbol_16px.png","526","dc0294ddeb07099fb09558661e6be3079994e77be350dea5b97bbd17d8e17667"
"dist/branding/products/wic/png/symbol/wic_symbol_256px.png","9761","beac9ca17db98d762b3a83675b76455dbe5cf18f75f471c94c9865411774ca56"
"dist/branding/products/wic/png/symbol/wic_symbol_32px.png","1082","e3231f896337d937ba8c872788dd08a1758d4cb9bab95999c091796362c94fdb"
"dist/branding/products/wic/png/symbol/wic_symbol_48px.png","1548","1a50f1c3607a5209d6658a915438feff835b480bf0ef6137cdf27de5f6f14fcb"
"dist/branding/products/wic/png/symbol/wic_symbol_512px.png","24326","e1f60c9e90733d1378f884318517a653fff1eef5f8253d0cfa4185d1e1c17153"
"dist/branding/products/wic/png/symbol/wic_symbol_64px.png","1981","c5ecd997d876f00779e287d4c9b58c7565c9b13b4a1dccb1668483286c91bcbe"
"dist/branding/products/wic/png/vertical/wic_vertical_negative_1024px.png","39095","718370d83376e4de36422d859547d6ef065b83b18b1b05922084458201dd4ff1"
"dist/branding/products/wic/png/vertical/wic_vertical_positive_1024px.png","43636","6445ae8d337dc5e8cb605cde0c3779b4920cba613d63b4be08eca16062bbc38c"
"dist/branding/products/wic/svg/wic_horizontal_mono-black.svg","898","97ebb40b09fe01136f9470b3fd83499cacff086bfe50f8a152b2eed194752841"
"dist/branding/products/wic/svg/wic_horizontal_mono-white.svg","898","db032db10b06c1b527b645801ab0841abe8b35ac3d269c22477f412c35090096"
"dist/branding/products/wic/svg/wic_horizontal_negative.svg","959","28202f62a83457fbfd855e54810a05449ea3fafa80d7bdd32b5dfe40039abdf8"
"dist/branding/products/wic/svg/wic_horizontal_positive.svg","910","79037034db50c7443554e78321645e8d142f2c54e2d3a3d0f5793f24c5145009"
"dist/branding/products/wic/svg/wic_symbol_black.svg","523","16ca28d079967cbdd877b1153f9fc1a9e2cfa25ee519dc6fac676ae4c8afb0a2"
"dist/branding/products/wic/svg/wic_symbol_brand.svg","535","de21e207e3854578158f7b0f057fc487a25e6f7cdaa7c2d746e44b6554854750"
"dist/branding/products/wic/svg/wic_symbol_white.svg","523","7320fa43744c981214e679cb37b11fd19a5e8f1013a1391aaf796cefc39e60c4"
"dist/branding/products/wic/svg/wic_vertical_mono-black.svg","940","e504efdd17d6d9f0cfd7ebb1fa3eaa29af4a1324efd96a79fd54ff6127958037"
"dist/branding/products/wic/svg/wic_vertical_mono-white.svg","940","30ee706c4e235789666969d18d8292f46fdb72df35558c8a58ef34dee0b6cdc1"
"dist/branding/products/wic/svg/wic_vertical_negative.svg","1001","c34ec2f155e674814ecbaf58aa0a9011dce9f8b0760c6623d6d391908bdcf180"
"dist/branding/products/wic/svg/wic_vertical_positive.svg","952","b9849089b2120d376dfff3184465ff2c923b894b7fa012bc0aae13df61a03525"
"dist/branding/products/wic/tokens/brand-tokens.json","326","62d08557c171eaf5544e77712b191b92e5116051f2ec205ead0b98b17e767b2b"
"dist/branding/reference-boards/humanati-logo-master-package.png","1470194","aa2deb175043772566174a1c409631685fa35a94981fe25a82ace62d1f3871b7"
"dist/branding/reference-boards/monihook-master-package.png","1566368","c1b8500a18a5aadd81764fcf39b3747c9db197005da5fef2d7969704df0c26fb"
"dist/branding/reference-boards/supplemental/ChatGPT Image 1 de ago. de 2026, 15_28_00(1).png","2433666","72526d035b095006a3b5e9a47789b2a1dd2379f57d355a0e371e02d7e12b4a8b"
"dist/branding/reference-boards/supplemental/Guia visual completo da Humanati Design System.png","1621201","62058c9f181522264ebe7f5a000698d9d81c62cb16957ae7dbdf1363267a708d"
"dist/branding/reference-boards/supplemental/Pacote Mestre da Marca em Azul Neon.png","1600083","a7a842edc3b3d9debdb354d8594d891036600efd75fdd948071ef2efeff31f82"
"dist/branding/reference-boards/supplemental/Pacote Mestre de Logos em Grade Tech.png","1601696","ba2d51ed3d7e3ab69d324d938a747ac65bbd9c6ff37e806af97d70434e323efa"
"dist/branding/reference-boards/supplemental/Painel de Identidade Humanati em Dark Tech.png","1778289","47e1ffca5804d126a3cb017b3d93370b22793a1438e2cdd4f975f57a20fb0c9d"
"dist/branding/reference-boards/supplemental/Painel de identidade Humanati em neon.png","1743759","1fac5765a2ba6e6a8345802d3c699afae13d452c56963d6e41dee2478914eea7"
"dist/branding/reference-boards/supplemental/Painel de Identidade Visual Futurista.png","1782351","d9e7b01c23a21d3137a01f7dc8d2d9ffaa36b52b0617bf915c97b2554def867b"
"dist/branding/reference-boards/vane-master-package.png","1685167","f15b6cc444175991e495b264613e0134a7dfc189d2b25121e8304c11c20950e3"
"dist/branding/reference-boards/wic-master-package.png","1604413","f5712846502877328e0a9f1afbdf2c77cb095e8aaffd97420ca2de3b31bb7ab4"
"dist/branding/svg/Horizontal/humanati_horizontal_humanati_blue.svg","6795","676235b7ffdee5f530dd0391a9452c31357a1d5d4d288055baea750ee32e8177"
"dist/branding/svg/Horizontal/humanati_horizontal_monochrome_dark.svg","6795","4425b138439ea64da565e72853cc938b99dc85a95715268c7ba3ef5eea45a2d1"
"dist/branding/svg/Horizontal/humanati_horizontal_negative_white.svg","6795","bf3f5a1a6f599ca72c39638cbcbad9760ed72d08bd764998a68a81d5f2fb2f25"
"dist/branding/svg/Horizontal/humanati_horizontal_original_black.svg","6795","cd9e55c9bc1676525a5a1a0d67cbebd7c115c02f7d080525b322bad60ba07c2c"
"dist/branding/svg/Symbol/humanati_symbol_humanati_blue.svg","691","7057010978ee105803d031ad60720ff899304e0d5f7685e655406e98a8256e9c"
"dist/branding/svg/Symbol/humanati_symbol_monochrome_dark.svg","691","84f7eb6b8e651dbefe1e5a139ab50dc8bffcca03c2c419004a29edcb0eaaf451"
"dist/branding/svg/Symbol/humanati_symbol_negative_white.svg","691","e3522118cd8ca28031de94bf2c37c4a43eee98e0e103438e4e4aea3c09fe912d"
"dist/branding/svg/Symbol/humanati_symbol_original_black.svg","691","4c74135a806c5488719d58dfaa44edef1db34c3a948bc63ee3a0ede1e1ca3d4a"
"dist/dashboard-library/dashboard.css","2066","112a16d14f97abe35ccde18dd29430f6070af69177a34400773bdbf647875f60"
"dist/dashboard-library/index.html","2251","7544d1ade9d7dd021f7d7ae9721d883a2e44d563f3e89f9566b5f9736ff32385"
"dist/design-system/components/access-card.css","64","381c0dae2552eb8a1cc9ed33935830ac824cfbf764933b5e59bbdfb5f1d01541"
"dist/design-system/components/accessibility-panel.css","78","f839f4b998042b95869808427c62f8605f4ce4443e4904485d63f230dfb81ec3"
"dist/design-system/components/accordion.css","55","03b60b3eac6725ef50997561a210b60a019b2e3abf201d29cb27ea6d32672256"
"dist/design-system/components/activity-feed.css","37","053e24893a06b35d3a612ed8424560c3720d2d0ffde80693caf87159bb2340d7"
"dist/design-system/components/api-status.css","69","959d056e88f5d323dc259443a85a4e42f25b7db4c2aa9b4b857e519a5fcb8f9f"
"dist/design-system/components/audit-log.css","32","d0a26d0f85f99f9013f6bc930b992df06388d6095c497146763337ad8c867007"
"dist/design-system/components/audit-timeline.css","38","66ab5cfc305b8338197a4fddb31058a904fd4325697f3332543b6c683833683f"
"dist/design-system/components/avatar.css","49","f14602d5399738254d5dd42e75ec5fad846720c9a0460f9fef29f969ee4cd55d"
"dist/design-system/components/avatar-group.css","60","f1cef66e24cf2686ffd87c5a841ffc34a52e960eb280f5780935f12591c592a5"
"dist/design-system/components/badge.css","44","12e7f80033f0a4c2e14e369e8000606b9defee2778d864bc9863bb2a9cec1810"
"dist/design-system/components/banner.css","90","78879cfa4d3cb924e78d8f343f14de2ab720a9368a95343cc1591caf91993fcd"
"dist/design-system/components/breadcrumb.css","48","604a334b0d66a5e2f35f286393aac264755584342ee0e84e7f7eb0b081fca11e"
"dist/design-system/components/button.css","85","5534bf6912b823dd3f8a7d8adc675cef1ddd47bf71bba5dfbfd57a65205790e9"
"dist/design-system/components/calendar.css","67","d7905005886f3f811ada61d48ca79b68b97dffdf6640a1b14682fab35c909349"
"dist/design-system/components/card.css","63","1855aebf5e07c9b0887b3f96819298757c2ec7dbe3328a1114391610c30a623e"
"dist/design-system/components/carousel.css","46","d301e3c495f0a652110120b7b0eb059c16f05be52e673e3ea41b81f628a6e6c5"
"dist/design-system/components/changelog.css","33","3a1ec1cc4c689a6f54c40c0d71203865ef35ac5461fa1ccac356a694deabd5f9"
"dist/design-system/components/chart.css","68","b8d3dcd7b0504d70060d1911444ddc44b85a5ef176260e4b5ab235cfeeed236a"
"dist/design-system/components/chart-legend.css","51","0a4df63319ff625bb8aa300b9f8d421b781d697f0ab893c4cd9835947349bf89"
"dist/design-system/components/chip.css","88","07205df6295cefd9d1557f96ab801f863ed0dbbe31b355153c41c61f39682603"
"dist/design-system/components/code-block.css","69","35c3528edac477ea02289ac3d159b1b7d4c5c5cfeee4b1c68b02af809bec817a"
"dist/design-system/components/command-bar.css","73","1452c05d5ccf981c2c8481e6e3cabb4e70961139b65b027717990b263983c003"
"dist/design-system/components/command-palette.css","65","e290e4b294a782faa3604e5c40aa4a51b8ac0986506383677232543c89e5bb40"
"dist/design-system/components/component-index.css","36","4acfcb6c376828c81be535e665f414d7c386f26a4396635533174c75260ab443"
"dist/design-system/components/context-menu.css","48","61ae48cd5dde05a48893fe88f3af657787571788b601168891b38b9f690ce4b8"
"dist/design-system/components/data-grid.css","70","7a3165845c3cf8c3fa01060b37af36ad792806c76cf29dcb52545ef95343c681"
"dist/design-system/components/data-table.css","48","672d8b942e4c1b3007d138bfbef806c5d83d98eef6bfdfb659185571012a7f40"
"dist/design-system/components/date-picker.css","70","3f3036a8cdd9fa7636bf7deb53e68cb2f501f44bb9ca300507cff943c1ed233d"
"dist/design-system/components/deploy-banner.css","66","f84b8721d38e34e3a932de72dd76ba5321434a75143f270d2df863257add1e6e"
"dist/design-system/components/design-review.css","37","6dd11ba0996035cec61b39c24014d1b9c6772467e7e39dd99f88dbaa135b012c"
"dist/design-system/components/detail-panel.css","65","af6d56d82537ca27f5c85c1558fed02fb1e02cdb8fda34f11d9bbc833effbaea"
"dist/design-system/components/divider.css","53","f18d5683dea40b62e3b42910a1740d7b9aeb3b6341515f690e630dfb6a6fc400"
"dist/design-system/components/doc-callout.css","75","51766f4229b1598d23ab6df1ff1a6a0d57ea94580281947f960215738401ba8d"
"dist/design-system/components/drawer.css","61","fc3ab7eaff4d6f4d9dc5235fef5721c83d32c78d58386b1df673bcadcf6f6d7e"
"dist/design-system/components/dropdown.css","74","f6d72349f321eb3a2f8ba0bf8eda88110096b6af28471da62617af4a3af862b9"
"dist/design-system/components/empty-dashboard.css","66","553af3272a7e73ce79e92d68d6010fa36efe6712fc9dde690a6fa52c272bf0ba"
"dist/design-system/components/empty-state.css","44","f56ea90fdc8feb2015eeb1aee6746e5c13b00185f01ffcc04a4677ab519752ea"
"dist/design-system/components/environment-switcher.css","43","0d8d2cfbab382278f37ea97f29975b48be67c54949e6822a67c773fc57b43a7f"
"dist/design-system/components/export-panel.css","93","a8182d317ed088af53600e0068dfd43885777c5414f414fd0ce4e530edb042b2"
"dist/design-system/components/file-upload.css","66","145f7461c6b3f06ab7334c3525e3b99f44561358a0ffa6d9f83dd2fd0a97756e"
"dist/design-system/components/filter-chip.css","95","ca69afe0a22d7806a5414098072864f96445c857c958b7e5c64fd555bf9d1997"
"dist/design-system/components/filter-panel.css","58","e12409e8ac2b234013833d814793a7afd772f5e2f0ebd1d8e4306f7abf678f51"
"dist/design-system/components/health-card.css","70","6b05a591dc4935f7e5b53cb9af64393106676bc61e1c033fb1d67d476bcbfc6d"
"dist/design-system/components/help-center.css","35","65471e0c3e46a1a1a1da8f6e658ee80af54faa3562bcd18654c398e60f1726c0"
"dist/design-system/components/input.css","63","53fc7005be2489b905f63bc1de0e56a40299574a1dbf124100410b2926e20530"
"dist/design-system/components/json-view.css","54","ebdc2e9aadd1c96d753187393eb736aa1014a84d345cfe31a67675959a695323"
"dist/design-system/components/kanban.css","30","16a21955af9dbd3ed785628db5d0c3b175d766a3e3b221104f8ea1728645f6a4"
"dist/design-system/components/keyboard-shortcuts.css","65","07b6b56dc3b12a58d31efbdf3af5ff4bcecc2930bda0d84434d6d55459a5a956"
"dist/design-system/components/language-switcher.css","47","16f874ec204a2dc8ac0b41a235a2a246df132a3382d7703f9c9e2a2ea0400913"
"dist/design-system/components/list.css","28","980403ad3998c80762f4c8ad1ba224c045f216b2b00df6b514785649d6578c0c"
"dist/design-system/components/loading.css","81","1d7abb1e9dd1a454572ce25439456edab463ba56b9e681ac59ef22d72ace6a86"
"dist/design-system/components/locale-selector.css","45","f308521586d9fea677b8ea7f649f6634d45234f9b3e48b1c986d2c24be64498d"
"dist/design-system/components/log-console.css","81","059775e20c74ff28e3737cacd3973ac5a6876334456feb6c24661a392e673283"
"dist/design-system/components/log-viewer.css","65","ec838391be3fafefdbbcacd4b296e85536a5383b82683f03a424a2ba530a10e7"
"dist/design-system/components/mega-menu.css","69","927e5668913625963c8da5e04271284b47b437919ff9b322ada131f5f40b4508"
"dist/design-system/components/meta-preview.css","65","f05687de36c191e921c042a3f787bef33f722b5aef31bbe63a4fbd7c03a00635"
"dist/design-system/components/metric.css","59","52e064cb91f82e138c7902ae240430cc1a95952a3ae4963de0a2e96845deaa51"
"dist/design-system/components/metric-grid.css","71","f1a1b5e6b64e4772c074730a68c3ac2a38a7a0ae5416bdf7ca3f157c0e8f072f"
"dist/design-system/components/modal.css","58","1656fb751a947255fa2cefd99db892094c37ddd1c66b97a178bf8e3fd00e4d11"
"dist/design-system/components/navbar.css","49","45aebd331247c155be15ec2b01e9e32d1c5cd892af1582d1318e921afbea1974"
"dist/design-system/components/notification.css","76","d01f43e64492e4815a6019c26c5e5157e9976bb52ac99030606abc5f14f7d41d"
"dist/design-system/components/panel.css","64","845d0eb2c3abf7eee947a88f8ecee6540e8a30f58708548b7b61e1bd54a1e65c"
"dist/design-system/components/performance-card.css","75","c84549941f0f51a5ea643d82f370f3563d166e5f228984887d609e6247e1ab7e"
"dist/design-system/components/permission-matrix.css","82","c2f1edbd6977d42a7782b521912394078b36929703e6cfa74291927a8784ac9b"
"dist/design-system/components/progress.css","101","1ca76f1fe6ce17192a52b35832323b08ce2755016215cb84c5d2f39fb6524a81"
"dist/design-system/components/quick-actions.css","37","68909cd26f71c6be7d8f75ef268f5a9a3f607f0414a556560948c207e155bbb0"
"dist/design-system/components/release-card.css","65","30953b96b1a106cec015f387592a693963322662590439a3c574c45546505bd0"
"dist/design-system/components/role-badge.css","67","e18a09b167394060d441297488d2528cb2eef5d0390511e85fd549b72ed4d721"
"dist/design-system/components/score-badge.css","70","21fa05386882f3b1eca161ad762db87452a8a24b97ce897ac2f29075f7f16d5a"
"dist/design-system/components/searchbar.css","32","cd1f0dd3de340f6bd4fa2cae3b2880a580ddf7d5321c09073e2eb61467592967"
"dist/design-system/components/search-results.css","38","f50b195013d0e83dc5d874b9f2fe79f3085524ec2121680bd87ffdb1988af8e4"
"dist/design-system/components/seo-panel.css","33","29c69d707196b226e2c6b1cc4a579dadfdd2c75a74ee3125a3f764d2c7d3cace"
"dist/design-system/components/session-banner.css","73","09dd98cb0e1292b6bef491db7adb42e9ff299b6bb79a7104004f4e1798e5fb98"
"dist/design-system/components/sidebar.css","57","6722cc5ec911c27f471e542e703987961d957c7b46bd3f3adf4256157fe4818d"
"dist/design-system/components/skeleton.css","59","b66cbb3586fddede1b5861a8a093f8cd61c2c0ecc1d11cac386a8aa13ae38d64"
"dist/design-system/components/snackbar.css","98","f908f22d0ca58ec255ffe2f852e7d12cebc6680c0adaed972452b1a14fca45e9"
"dist/design-system/components/spec-table.css","48","b4b082b11afe2c27b449e0423a4ca23326fc16fa42aec68582f333e86350f5aa"
"dist/design-system/components/split-view.css","57","db7cfcb02373d16735b590cdfb6a26ec6ed4d5c319c4ec11a8064a55bfe2af94"
"dist/design-system/components/stat.css","57","2fb5cfdae4a61833ccb75094564997aaeba49427caf9171abad43347b6f98fcb"
"dist/design-system/components/status-pill.css","50","f02c0e382a120ed81d2f2bebb4c6528f141f751b579781a9d5a759581daa129a"
"dist/design-system/components/stepper.css","31","2199fe882c4f5990d012fc8862789fcfbe719b8d23e86380ad0417684f340494"
"dist/design-system/components/system-banner.css","72","4efeabc37de229e397ad1d8f9b01b8eb2bf2c9c28cc570b6d8fb2edf4261b60b"
"dist/design-system/components/table.css","93","95c85f3db630ddaadce3bbfbdd74ea161f6489b5a726293cc345a04e63c6f7a5"
"dist/design-system/components/tabs.css","27","97f63e4b0c700c730b32e6578387ff393bc34b4840768e4bf397fef656e19102"
"dist/design-system/components/tag.css","63","03ff39c86478e0fae87f10f0c19d49cd03a624fb2c696a88e7e77c5837688a88"
"dist/design-system/components/test-banner.css","52","9d7f9d8966461722ed39204c06b11d3482ef468497967f97e1ef486b472efd96"
"dist/design-system/components/timeline.css","58","04a6b6a4e606174623c76f182fc7b5af652b9cbe0fb0f5c9597973f5ba8cb260"
"dist/design-system/components/toast.css","121","cb157db86336894d09f9de3fad809f19c5f130ce7ec4eab10733db8bb1ead9ea"
"dist/design-system/components/tooltip.css","76","b6082302456912d183722c9f907f09f3b466a5a80498fee2e6f3db7b96bc01db"
"dist/design-system/components/treeview.css","42","02b811cd42f5ae1073f2d28f978875db491aff3ca2026f2fe5c1bb7cdce0cb56"
"dist/design-system/components/user-menu.css","29","2604a48edd07b0f99830c888162ed75caff2806e11949b6175e89f7e9a953c07"
"dist/design-system/components/version-badge.css","72","4631887d204748fce58df1ff56ec46343a30d6d09a146dc4944ff47c6b9b3911"
"dist/design-system/components/wizard.css","63","a6b4ca1a1d363669e4988fe0ed5a77a2c69c4e77c0ff69fb839b89951cd1b996"
"dist/design-system/docs/lotes/lote001-readme.md","38","7bd797f187a26f44d2b527a243782b9fdbfc17b0b350b6597797c835cc25ab9c"
"dist/design-system/docs/lotes/lote002-changelog.md","47","c99a4cc96a9c9aaaa7ee224e42799235b9c3ae9b761f24e46641ac24c3367856"
"dist/design-system/docs/lotes/lote003-readme.md","37","6cf51dd52035754355b6b54e429dec759e73b6164bcbd83a075182750c4cbef3"
"dist/design-system/docs/lotes/lote004.md","46","508ad4d23dc8c31b3cfb5872411f7735f9db740835a76db836adf22484723148"
"dist/design-system/docs/lotes/lote005.md","45","ccb5108be1df0a6b99a22710fe6c9c77fa82dc2e6dbfd0eb714f0c3622f7fc2d"
"dist/design-system/docs/lotes/lote006.md","49","99f4ca7c317180098310b3fe10eb98824b9f93c301f6ed3dd0d840a0b05f2657"
"dist/design-system/docs/lotes/lote007.md","56","fffde8ca41bea147e79b96e00465b3a0e558ccb0ae8137255e190736d2584b3b"
"dist/design-system/docs/lotes/lote008.md","64","ee17ec5621720b857480fa2315615917aa30e6f0d7a26538950b97e1af862d32"
"dist/design-system/docs/lotes/lote009.md","45","8b6f386bc71f3c673c6818dfe22542c6afdfac93986165d2d7251a4bdb0f0043"
"dist/design-system/docs/lotes/lote010.md","39","a41cc8790bc0271940d9d1e513871e9a17c8e0721b544724bd8aeb8b201f00e3"
"dist/design-system/docs/lotes/lote011.md","66","cad684f78d2d88e61e3c1e0e0e993840f538db9890381d2fc4a615e77e96f3d0"
"dist/design-system/docs/lotes/lote012.md","13","40a3c3eb3263b8a5406398103469a488dc691f56db78bc6f46bd178e02885014"
"dist/design-system/docs/lotes/lote013.md","44","3e9185e86c3cf75810a736afffeff9fcdb9f35f3cc868c4e345a7c9197efd453"
"dist/design-system/docs/lotes/lote014.md","49","7860fc16e05c9c9f35fd0cd0bddc7d886ba3a0de2b299aeabe508805f2577b31"
"dist/design-system/docs/lotes/lote015.md","52","cf66aad27819e6736d9bc989a467d262ff745ca328d48f5e40705f50538f5f3e"
"dist/design-system/docs/lotes/lote016.md","56","d90904ce33b7981309bac673db099afe90b60441f6917efcd93d83c14bc22986"
"dist/design-system/docs/lotes/lote017.md","49","ad5229252f83da46dae7bb0fb24b9b7af924acbafcfc4cf7407a77aa41bcfaa7"
"dist/design-system/docs/lotes/lote018.md","62","6f5a59c3ad589a8126264c96adaae15fb02bff55d7924327f01111ab1387382b"
"dist/design-system/docs/lotes/lote019.md","53","1b7c4263e33a0a916f456689a5847b9f6ba12cbda54560f7dddc1251fb9ae254"
"dist/design-system/docs/lotes/lote020.md","60","db67605262d38acaf6ff7465050703d1e68d4ce03a775f21c59cabe120d9f0df"
"dist/design-system/docs/lotes/lote021.md","45","c086917404bfe444c65661a7bb3d146fd9a7d67f0a3b0f41cf7caf09473a80e5"
"dist/design-system/docs/lotes/lote022.md","44","4403fa0ed2ddd4976e044a442251e43bdbd41c6151284126b72f411323739421"
"dist/design-system/docs/lotes/lote023.md","46","c93e095f6d3b0c4aab987521cf9dec706ac3a68360578c37a46b21884f281a5b"
"dist/design-system/docs/lotes/lote024.md","53","5206fdb59ddfe02f8459827868b18deb56a3b6d7299fc7dc655b1529ead6671e"
"dist/design-system/examples/accessibility.html","111","14a1f0cf5ba4894205d457d1136f185f1695a41929a40c15a850dff081a4c868"
"dist/design-system/examples/analytics.html","108","3b61d020430f70ab4b565d655af8d36b627362f231a98264dd34b0c9a3539db7"
"dist/design-system/examples/calendar.html","69","e7c063d0105f4e1c4dddafe46a9e1c7f0f42ffbc26b949a4069828652329866c"
"dist/design-system/examples/components.html","94","99c04e3474db92eaea5479013c2337a07e063434fc11d914b08fea8386e6269c"
"dist/design-system/examples/dashboard-shell.html","104","761bdc7e632945a7645bb8be5fc95667d19879db31b1f5ee39aa5976acbc64b6"
"dist/design-system/examples/dashboard-widgets.html","90","27b79ffa4779ccda6c211a7cd89bdef8f6f829ed02f051fdfb74a6df810a26b8"
"dist/design-system/examples/developer.html","101","1e5c27bfd89747e31d43ca263fada5c6a9c8003537aea9441515d6c5f0345ee4"
"dist/design-system/examples/documentation.html","106","7b05e31722d69dfcdf593da962caacf327528e67aaf8256c75314f7d87cb5ad1"
"dist/design-system/examples/export.html","115","0a5a0995f00c9d4387f7b4680e3d1a818b1f264065bf2bef7f329e140f251fc7"
"dist/design-system/examples/feedback.html","103","ccf15260ba32c46ad4297e971fe18e8e4739e0eae2d2178f2267b0b9e94b9cc7"
"dist/design-system/examples/forms.html","100","ab3348b318b159a1204a6d27d13c9d22d11c053a7a5b069261cf98910ddd0a14"
"dist/design-system/examples/layout.html","104","6c0f8dda596f0d084bd67e23b1191e3e1c652a19345864132d8ae186a9997264"
"dist/design-system/examples/navigation.html","99","62276dd59c475be4d545d0cfa178d85dc47fa4056ef1a1c2cd8ec944eddc5242"
"dist/design-system/examples/notifications.html","101","97e1a488b82c809b108ee1d35a4cdc85eaefae3d247cb6202d56982e20112a7d"
"dist/design-system/examples/operations.html","105","4729343b557ce04be2466d284d3dfc9e97b42b6f026f008aa59003071beea427"
"dist/design-system/examples/performance.html","106","6527fe6e787663e4bb365dbfa7afffa6208ca5183c73758813c7bd68b060a9d8"
"dist/design-system/examples/release.html","73","a5a33196cd2cd859ccec05d5f680df5c575b995332c588ffe430c5cbd2b6618d"
"dist/design-system/examples/security.html","104","30faf212faa4befc7bf24e0252f1ec7123a0000900d6f5ca0e995490b0fa5b56"
"dist/design-system/examples/security-admin.html","111","0581b1861e3798398e6a2520d29c3d06ed9924afa63b7bc9b3198ff508eed419"
"dist/design-system/examples/upload.html","77","730fc7502c0501efa1016a5896a5e12494ed246b5edc5eed92a24d452d1c31ee"
"dist/design-system/examples/workbench.html","67","5aeb41e20962cca39102aa092eca67b9d411e4a35d901c763f2878e6982c2ef3"
"dist/design-system/examples/workspace.html","99","d3ccdc6a0856487f1193a473dd32f3fa33921c9a91a7edf9e466972a9bf1196e"
"dist/design-system/icons/alert.svg","181","90b88d8997613a42b9ff6e351b3646d2db3bb3255848defe6d378b8894935938"
"dist/design-system/icons/analytics.svg","150","beb11f11e85784f4433e448a6ed9fba57e2edd772371cd674ad320c25c095967"
"dist/design-system/icons/api.svg","126","d35da2d87f06501bc605686e62fa6e3560addda541b978b83787d035dcf66244"
"dist/design-system/icons/bell.svg","160","b8c537aa6492d60645c1817cdc469b87b260320765f3ac0afaab539d9dda294a"
"dist/design-system/icons/book.svg","125","a819fd07df018aac767fe8b30242fd2d36d6a4943a73dff99a342ea12c7d6493"
"dist/design-system/icons/calendar.svg","190","156572965522e8f293e51350ffb41d8ecc82935d5b4a78329979e29925e905ce"
"dist/design-system/icons/chart.svg","151","ef11da4864a509b6699ffe87c3cfbfab2726956d07085f4b2a1283453e39bd9c"
"dist/design-system/icons/check.svg","143","2529166cc4a191206fa2d5ad582eee6f9083612d950667a11d77246e849066f6"
"dist/design-system/icons/command.svg","322","21156828ff7e83821d53d2ea45ef34dc475b85d357ebfec214ec13f4ea1f4ed2"
"dist/design-system/icons/dashboard.svg","367","888c4290f61f260edb21ee0d9b6efb811a064f7b5e0905d0af974ba79d9c9179"
"dist/design-system/icons/download.svg","141","577de48eecc1f56ebd87a66a47405d5aaad46f06a55f8771c222d166a9cc3361"
"dist/design-system/icons/export.svg","140","accbc199fbbb70625e6f230892f9efacf5b7b2849ebe1eaa0bd5a4a0a7703021"
"dist/design-system/icons/filter.svg","135","3167314081b4fb376789fcfb46b276791dc9fcbbaf5a100047ac216b558ed9be"
"dist/design-system/icons/globe.svg","225","72ef391530209719b3ef8a5d07c0cce7d376266ef127c1fb8167052a7d86fc44"
"dist/design-system/icons/grid.svg","140","6c928dbf7fae60466c0b408e9c1b7a323eade7f606c4544808c1cdf9f98aa730"
"dist/design-system/icons/lock.svg","217","8dc5000511fc32e113435fe8181a1fa90263d0b325144befcbc8e07a413658a7"
"dist/design-system/icons/menu.svg","135","3ef92d3edbfca26fd1620c32cb3ce79f54b191f0842d6c55e9c6a541cd5bd4f9"
"dist/design-system/icons/release.svg","128","f21da3f996d4c9669bbf70c92d26602503c81396c973b44eccb81a6b2b7829ef"
"dist/design-system/icons/search.svg","176","f1618c89a94917654639417638eaace10868a2b02eb242b5150409b22dc76d66"
"dist/design-system/icons/server.svg","217","5c0e1caecdedeb0f389b3664b76209002481fa715210815661a5cae5a856746a"
"dist/design-system/icons/settings.svg","195","d5c480d3fe96e40d5b9d150af02fa254a0e6082127a952a4672e9812c66649c7"
"dist/design-system/icons/shield.svg","154","7a0dbeb1c385d955629eeae20a12308b35017ebcdb850c0773e3ebae8c3d240f"
"dist/design-system/icons/speed.svg","173","22d396959f6b48edd1d1cd3b522f48d14e43a917f8f9d198b41b1c0079348e35"
"dist/design-system/icons/upload.svg","140","3dfbdca0f7b58d78a9e309090795bc1914fd259c2882b21f49624125c8996d43"
"dist/design-system/templates/dashboard-layout.html","65","e029a1559c33cca1e0bebed47f31c6b62ff8d343e291a997ed8b4f733365553c"
"dist/design-system/tokens/access-control.json","57","dc8fb3c170cdd16dbfbe889bbf4b8d33ae5dd380ff49a51102cb5406d46bd84f"
"dist/design-system/tokens/accessibility.json","88","8a782ea391a4c71f1ab50402d81954fca7550ee9efbd0aa34310c99feac3a20f"
"dist/design-system/tokens/accessibility-level.json","39","dcfbfc7d8ccced7e71c8d0412127ec0d5272a0196a4dfefa16501df2948f606a"
"dist/design-system/tokens/animation.json","48","3f85d3376700158325e1a3dd17fa4f06f8c645fec9af9db1acd4713766ca265d"
"dist/design-system/tokens/api.json","47","b35286b8a38405baf27f090932b6836cd65699a1cc7c71ba3c51107f24cd07ff"
"dist/design-system/tokens/audit.json","35","22f36f93b6ff4e98603331772d2e8d5cbbd6f6d1a5bccc0c75277040d1e97395"
"dist/design-system/tokens/borders.json","43","2d9a47a1cd1a0024a0197f3337b02dcbc31b9ce2db233fbc843c9d1496fcaeb9"
"dist/design-system/tokens/branding.json","42","469500190e5b050b384a2c963ed774199815deab87a6df9d1c7e4779afb27ca8"
"dist/design-system/tokens/breakpoints.json","46","fee2ae2f107940a138413345fe2d8b2f188907ed63f307527123e92d55f60ad6"
"dist/design-system/tokens/charts.json","63","c054103a6f6fa1745e8607e3faab12292e638668f241550181e3ebca5bdda091"
"dist/design-system/tokens/charts-lote015.json","48","b7686917f01528adb6edd6a8cc7eed2fd8216224196541c949a07fc60ecea073"
"dist/design-system/tokens/colors.json","116","5e8f291839d89c4004cbc056ce287872eb1cfa423a6a4cac826a2b19924c1a19"
"dist/design-system/tokens/density.json","57","7a5a63f915a4c724930559a462c51f170032fc2ba24712a8eebf8a3a7a2068a0"
"dist/design-system/tokens/deployment.json","48","1aace39e03cf5f7f58e29a8122423fec172094927a3145c7849bda1253c81a6b"
"dist/design-system/tokens/documentation.json","60","fde5dba97488952ce23d80b6918e70c9f680619f0b4435685be88b763159cdd4"
"dist/design-system/tokens/effects.json","74","ee36d7136fb7092a787996260646aad819a2d0e146966ebbddd105cfef32892e"
"dist/design-system/tokens/elevation.json","77","03392da989897ca65d2e9318796de79cdf1d9370ac552201dd51f1ae92f10760"
"dist/design-system/tokens/export.json","39","ef9d089b7d6eef4c2f697c337f2b7c647c1d01daaeabc1b7c21e825b3bbf0239"
"dist/design-system/tokens/forms.json","57","28388e940095563c511362fd991a2dbcd09fab1facc8dd6b781b154c7b160253"
"dist/design-system/tokens/forms-advanced.json","60","067f20acf0d6d65db668208799c66acc3b5dfec6f2e82e77d0e22755bdcd3d54"
"dist/design-system/tokens/governance.json","52","0869e45532624d160924b0114b758d4cd89c576ca626005a5ff2e76918b5583f"
"dist/design-system/tokens/grid.json","50","e3cde9935ea5eff871ea1f81048e7b0f3f9010eedbb079e6b8ba5db49e9e5f3a"
"dist/design-system/tokens/interaction.json","51","822d6f047a9f67f21f83a3cd3601291d9e02859f96ca2bd9e1f31beb359296c1"
"dist/design-system/tokens/internationalization.json","58","1471dc85302fa5a6a7f49c15b722a861a0bb0bc9ad4e477d9babe3cd1f1e72ac"
"dist/design-system/tokens/layout.json","56","f664cf3c2acb5c6827a3ac1df27cfee34363d5345dcdb9222ccd9993f24ee809"
"dist/design-system/tokens/localization.json","51","54bbad49c9024d880753b7f9caacc569dd3592142a4d4007cc40c21fd3942f3d"
"dist/design-system/tokens/motion.json","54","66d22cf08330892b24babebaa76d9a4f7b3f33fa2f2dc627ec44dbcabb8e0faf"
"dist/design-system/tokens/navigation.json","50","7bdda554a5fc94b57a15fd5a1950ef1f5e279a2337f9ae30269cfed8321b4f37"
"dist/design-system/tokens/notifications.json","38","5ee0eceef05443a0c3e2d8b8145270e25e56571431006f05f26c41d67fa8ee7b"
"dist/design-system/tokens/observability.json","57","8dce88505d4c3794207c2c9777282a48beafb1e21b6161a7b56d502be613d897"
"dist/design-system/tokens/opacity.json","61","b8d20834b06709b31a3751b78bdec04d05871ed689f35d35b13b9001a7419111"
"dist/design-system/tokens/performance.json","64","373a339e8b37c85be9414dd693be9578d1d5dfda9a6b77477f9b5f23cd4c00a4"
"dist/design-system/tokens/radius.json","51","9481f22f5f32404de1baacf747a283058cf649c30c522cdb7c5666b4c7a2c053"
"dist/design-system/tokens/responsive.json","48","5ad80c6f55d9cd48c8ede08ca870e245e0b7b23cc8a0515af56e83951b74bd3b"
"dist/design-system/tokens/security.json","47","4ab98d7d04191f007d893baee2ca7a86ad40f748f2f790a586a31522f02176f9"
"dist/design-system/tokens/semantic-colors.json","76","c933016856aa126db077e2ed883766d4a81c857171b4efd5081db112d113d83e"
"dist/design-system/tokens/seo.json","65","ff998458865fbb70af4313ec28652a8e66131ea14aebf3b65850e653160ce68e"
"dist/design-system/tokens/shadows.json","70","4b7e50295d9ae9dd0e341f9671113b11384ca0d74c92f5c566a7ea12de1d7067"
"dist/design-system/tokens/sizes.json","47","4293ce1119db9872a96b8aec0edd6712b79574017b9f002ef7b25c5c9a43f7c1"
"dist/design-system/tokens/spacing.json","75","e570065d5cddc8b22da4fa24cdccf7cb44ff4fdff94bde1739b77cb053493f51"
"dist/design-system/tokens/testing.json","53","8418f073042f0dc097bb48c11a54909c992282b7d54363894f9b8f0db09a7da0"
"dist/design-system/tokens/theme-contrast.json","49","a402a6c60a8b9385006eaeac90a1663a9a6b04bc82fddd11de9683fdb990e02e"
"dist/design-system/tokens/theme-dark.json","61","63c60a68920218e24c782a3540ed3986755a4154f496e628db4c5888b4b958b8"
"dist/design-system/tokens/theme-light.json","61","81de84ede3810ed0aeee58ae2bf5598e22f26d6a4aee94fe8c4e681a1ab38659"
"dist/design-system/tokens/typescale.json","68","564d1fb4b63d031af9d0cec02621725ae537779aed997d1be80312b117683d3c"
"dist/design-system/tokens/typography.json","60","34c2a4f083d2779b6337c5f808313d26e7e1f82fea37f7b1324d6b336e6584ae"
"dist/design-system/tokens/versioning.json","40","c055e1fb62b5136a7cc6a4a60e88f404de87db878159fb89d1fbbed2f1ce3f93"
"dist/design-system/tokens/zindex.json","49","4fa60e61abec7d1a1e90b24e1ceab39154bc179f42fbbbea5b8564f33cd0f83d"
"dist/glass-ui/glass.css","1092","10a3cd537c7205797f02648b37536e1d51859af1a66cdb37b54a521b351da38c"
"dist/glass-ui/index.html","913","8e1ad0a90e1bca6471f93bb99e41c93f26d0e0af82b3f2b384d4b3af586dce02"
"dist/humanati-components.css","7736","863327a4585289d6e07510d3f5c436b390f72355c0353efcd3c9f5e177b8127d"
"dist/icons/README.md","316","bfe1fb610927bd1973d66adbc3b38da98a81236c371d0f19b0b6109f10f79b5c"
"dist/icons/sprite.svg","1371","7822c1c6c9afd510f4888f3c15683505c5995f5f9558401a09e2a6e91b64b4c6"
"dist/manifest.json","2125","77ec6621e29480cbb2f87a94a61fe331e39c80b2dd222ae44dc6965ec608267d"
"dist/marketing/ads/google-ads.csv","828","55bc2d1d08903bed1946316ee1682ef8da4fa85e873815939b15b251d14a4fb2"
"dist/marketing/ads/linkedin-ads.csv","651","a0c85e93c8c7337cf9deb12f82f9e14a8f19cf02253e5ac6217a8c2da7ec37f0"
"dist/marketing/ads/meta-ads.csv","677","4f19e7ac075547509ac7216e6e7ea333ba6c0aba8e642fe6912f043fafb1fac7"
"dist/marketing/campaign-matrix.csv","730","2a9e30ff57c15f85b113472291744d8805945a5ccfd3dfcc9bf235d5713941ae"
"dist/marketing/campaigns/campaign-assets.csv","5666","81a8b51994e88d47b6945a5a50d56a37ceb40f66dffb2e476d3e8821a38a8453"
"dist/marketing/campaigns/humanati/docs/README.md","364","27278492128c0d30e0d4228bb7306006c1a3592865cd173d62365cf97a8e30ca"
"dist/marketing/campaigns/humanati/exports/humanati-display-1200x628.png","509587","d602ada34d1671d22a99209cd6bf5c386f812b32da79576007a987ec47aeebf0"
"dist/marketing/campaigns/humanati/exports/humanati-feed-1080x1080.png","657409","65384024ec6424c8072b239e9d95f311de5a34e5f4213f380f8dc1fa2e471843"
"dist/marketing/campaigns/humanati/exports/humanati-linkedin-1200x627.png","509447","a707b1c4fffebc0bb4210315241af6f3c75a960dbcf07dd4336bc83dc3b79b67"
"dist/marketing/campaigns/humanati/exports/humanati-story-1080x1920.png","815913","ef7767653ee3f2e5147f5556839e3546e132ff8d0e4fdfe075fcbac1159edfe3"
"dist/marketing/campaigns/humanati/source/humanati-display-1200x628.svg","1562","ac3567397c2803640c13b2fd2391e0ca91f7057d1ff34213fd44d2a94e48d02e"
"dist/marketing/campaigns/humanati/source/humanati-feed-1080x1080.svg","1566","9b5e542dd9795216807e32dd80922b2ce4e39fe5716cc5e80a779055877002e4"
"dist/marketing/campaigns/humanati/source/humanati-linkedin-1200x627.svg","1562","5b4a622688826bd09722668586b1f7b5cdd74f4f0e05e922414231ce3a4fa511"
"dist/marketing/campaigns/humanati/source/humanati-story-1080x1920.svg","1599","e6323da49af29807ceb45f6ca08065f5e091d4174da107b80d78a7700505e0cc"
"dist/marketing/campaigns/monihook/docs/README.md","348","c8ecf918273bcf4667871ac8b0c9085515605821659688aa97f0d69b7014f864"
"dist/marketing/campaigns/monihook/exports/monihook-display-1200x628.png","510628","7bb0ef57164123ede635c7f0bbd85f8c6318d1477932ac26233f30b6b600d4f3"
"dist/marketing/campaigns/monihook/exports/monihook-feed-1080x1080.png","646756","43e2c7a4c8de3d4c5fda82de1c27f44ef14d32693f0b02010daa0a58671ef8c2"
"dist/marketing/campaigns/monihook/exports/monihook-linkedin-1200x627.png","510454","8d8de78695e1b8f8f1b6f2d9006960c542fea6fa1b1626daf0e2e5013f68a5f2"
"dist/marketing/campaigns/monihook/exports/monihook-story-1080x1920.png","801089","60c9f5843894568ce6e24a6e8206bcaef9465d401dbd7fd9492e7df3988da0cc"
"dist/marketing/campaigns/monihook/source/monihook-display-1200x628.svg","1555","7c2ecaa66550b4d8d0e4c56873273d8854fb79952ddece4443cd3a995526619f"
"dist/marketing/campaigns/monihook/source/monihook-feed-1080x1080.svg","1559","b0a289eb880338d215433b532638025c0fd3f4dcef4204e55e3db529abaf3d49"
"dist/marketing/campaigns/monihook/source/monihook-linkedin-1200x627.svg","1555","9ef939d59e7c352644ad898a35d1e30e3e109755234eddfaf28a04a913024ba2"
"dist/marketing/campaigns/monihook/source/monihook-story-1080x1920.svg","1591","8c2be19d578ff44cd70d6b579dd0e4af1df9061cde0426d5989edf8af9f9a883"
"dist/marketing/campaigns/README.md","385","3d2e88313ef594d98b49f486db93abf662d77867841a3eea149b6e7dfabe9728"
"dist/marketing/campaigns/shared/assets/humanati-data-flow-hero-v1.png","1515969","f8dbf097efa408bb1c7f4644be35278c5403d4391b941d713097d24943b897cb"
"dist/marketing/campaigns/vane/docs/README.md","352","cd1311f9dfc4ee71ba14b35843653aac8a7b0174c20272f7b239260c528b56f1"
"dist/marketing/campaigns/vane/exports/vane-display-1200x628.png","569449","3580142234fb9b83b9af62a73aac4a9998d446a9f7c7fd69396d537e263e21de"
"dist/marketing/campaigns/vane/exports/vane-feed-1080x1080.png","700059","4c55422680aae033f1bbcf9d4aadb98739f7a2ad5c4b1c1c0617a3f5258ebc34"
"dist/marketing/campaigns/vane/exports/vane-linkedin-1200x627.png","569131","06f69855e327b7ad8893994d8ba49d8986d637a063602be6405f20fefa07f8aa"
"dist/marketing/campaigns/vane/exports/vane-story-1080x1920.png","841654","d6e51ae41939b4a9b11eef71e3c54959e2fc4235eb7797404aabce56b9925f25"
"dist/marketing/campaigns/vane/source/vane-display-1200x628.svg","1548","a2f4808506ef062b98272e3b3af207d212b5c300e8454d6f6577aea0a5e74b3f"
"dist/marketing/campaigns/vane/source/vane-feed-1080x1080.svg","1552","c0af5b5143195bcfed792de00fa3633844456c7232fc3885bf0c2070a8545c38"
"dist/marketing/campaigns/vane/source/vane-linkedin-1200x627.svg","1548","6a307f163ff4d41dcd1050154d557de67fd2e6ff9eb8dadd38d3460b30cb5887"
"dist/marketing/campaigns/vane/source/vane-story-1080x1920.svg","1614","3dd4cfa01d38320960ae6d4308ab4efdcf6b8a0a8e8adfee4597652df355deab"
"dist/marketing/campaigns/wic/docs/README.md","365","69bd72d8ff440f2136f9d62b023970c46477e6805758edd3c78bbdedd16f732f"
"dist/marketing/campaigns/wic/exports/wic-display-1200x628.png","534534","f9e341089e3d18e22b641412dea31b4e0181c8a343330555fd9a618bbe984c9c"
"dist/marketing/campaigns/wic/exports/wic-feed-1080x1080.png","676537","47ae0ec4d041898af2277e7b24d7d11d950928090c8e0a14bf8c0b9253d833d1"
"dist/marketing/campaigns/wic/exports/wic-linkedin-1200x627.png","534127","0ef6c9a70a508608d993b8e4ee9d7d169305db3e4827c445d7177ebdbd748a28"
"dist/marketing/campaigns/wic/exports/wic-story-1080x1920.png","832946","08c6681801b349f4e347ea04d0c6de600f8765dd81a426231d614117edbfb18d"
"dist/marketing/campaigns/wic/source/wic-display-1200x628.svg","1603","77f901df9432d96acbdbe576db0caf36db928e4b75e51de095d38c2564fb3ff6"
"dist/marketing/campaigns/wic/source/wic-feed-1080x1080.svg","1607","4d30f8891c3bff7b814739b83e509a3be8a37b6c7e7b5cac74189b77a4888572"
"dist/marketing/campaigns/wic/source/wic-linkedin-1200x627.svg","1603","82ca5411a96c4303a150769bedae4d51364c18fce2f95fb3eef45464d409f68c"
"dist/marketing/campaigns/wic/source/wic-story-1080x1920.svg","1669","4218228dcf575033dc6a42c8f9a1c3fd4094a75c02c7c21a8d7ab30a6885c27b"
"dist/marketing/presentations/Humanati_Institucional_v1.pptx","26469","1143f357f54e3cb3db52efff33286f27841f731bfb1fb8f92b67ea093b951b1e"
"dist/marketing/presentations/Humanati_Institucional_v1.pptx.inspect.ndjson","10352","5b43590f599474decd05d5f503c1839da6e4a9f80fff335eedcacccc9c3c7e18"
"dist/marketing/strategy.md","2634","e701a1d6d1fee9b9d4339911668075fd9aaf6cbd78fa3863014f4886929e3be6"
"dist/social-media/content-calendar.csv","915","b64c5cc2d09050d50a832aa5d894fda92f9ca7aba49522e7d7c967eb3159b893"
"dist/social-media/copy-bank.md","993","44e5a912272505e5f02ffa72221e60614b65c29330dd857105860bb81b7f7031"
"dist/social-media/templates/feed-1080x1080.svg","1010","ecec5f8f421cbf8e4476106375c301179a481a9f002ea9e38ef6b3d2c8214bf8"
"dist/social-media/templates/linkedin-1200x627.svg","733","67954fa1dfdec42da1450d2bac417a70bb77004cc08f29155ca0b44d7776dae5"
"dist/social-media/templates/story-1080x1920.svg","1027","99ed5df762a61d3de96dbc95f95ac446f9bba9aa6ccac9768b5cb24e19033b50"
"dist/ui-kit/index.html","2007","ffde0803360b4b71c8e597560fde2458b36b03f7d6a1746162b8a68544baa394"
"dist/ui-kit/tokens.css","325","1774cbba010667575689109d1c68208d9a83effd69227ed802f7810e6c376ccf"
"dist/ui-kit/ui-kit.css","3023","d6c9fe294872f717918403a63fb9a03b3c32ae218666ede1a42c4fb31b2dfdef"
"dist/website/components/alert.html","38","b2fda1e4ff14afde770da995e04567fff0871ebe9d9eee09b68cc08218291ee6"
"dist/website/components/breadcrumb.html","47","a78cff3be46bf44dbb42bf82080e3b08bfb5336be1bc0b0152df546f31a2ec00"
"dist/website/components/button-primary.html","45","aefcc4981b2357991a4f2e4bc8f1340951820e8df1dbc06a4e539f6e644f5342"
"dist/website/components/card-feature.html","66","a69d4596a0418ca9678b79881d31f5f55ee463bee2ca07226f124bf942247de4"
"dist/website/components/footer.html","55","c07afdb3f08bcafe321cf6df2d476d2639569ead0452a69b8bc3658a247bfec0"
"dist/website/components/form-contact.html","60","7e2dccdc6bfd8fb5979874fe58c0f7bf6795a68aa0a91ceffbc57c4562432b6f"
"dist/website/components/form-login.html","79","762323dc84a2005c3334dd00e79e347e38d5df47d1f3c5e86534e98f131fda6c"
"dist/website/components/header.html","72","fddf9b856d849a78ffb700faeb066d4f3635d1b93f4a61fce0b4abba7ddbe6b7"
"dist/website/components/hero.html","82","1317d57500c359187ce1205bff3d832ea66f19c78a61c69d7e44ee0c802de21e"
"dist/website/components/modal.html","63","945c2e97a49f2e6c88938792a1263763bc889b22562fbe959b7169bbca457569"
"dist/website/components/navbar.html","66","b2f6dcf7d02d443747c5b8b8ae0d2dfbcd419b7442fc717ee82d30d4478cf789"
"dist/website/components/pagination.html","80","3929575376ed374d117387d322d40400d84096a60961fdc22aa9dca2d128e0e3"
"dist/website/components/sidebar.html","93","158f692289cf00d0d6960973ef4b032c007fc1c7b417e10b80cc51012907f72f"
"dist/website/components/spinner.html","27","90408454f7438f9ccf4f6f03e45db2d50def24ff5c4f377eb79b3ca68d4740d5"
"dist/website/components/stat-card.html","62","9b266a589c13c2c4e9a931e61ab7fe4facf4cf241f33d7847608e91b00b4088d"
"dist/website/components/table.html","69","ebd4f3b699c73401bce72c6b284c87d210e18aff8493e6fab9324db3d2183b7d"
"dist/website/components/toast.html","38","b07d2b06333641838baca85e281203dfca7112c3cc8224892b8fb5ccfd51ceff"
"dist/website/components/topbar.html","63","a8b182375a82023d1032f18965a56ef32a15f79f98c01f723f506e8b061ed75b"
"dist/website/home/app.js","24","14ffaf3970a8211482b517bea37bc57c646814eeeabe1b6c4778a867e21126bf"
"dist/website/home/assets/logo-humanati.svg","101","03912e9247d770c435e77e1b544abd11975e479be9e7ea5fe700d813d5af2b02"
"dist/website/home/index.html","142","9e56bd1de7310651c9bb1c1154fd1c0f1c21fe3f7dc9c36b0c6f0ef8c0102590"
"dist/website/home/styles.css","53","a6f7a7312f8800730efcad651d4e62677e9495ceaa50c2e05367977846cc2bc8"
"dist/website/layout/components.css","58","f17e66d2846e0e2694fe3764632f717cbbdfb49e08657345a69094df5ba70f78"
"dist/website/layout/theme.css","50","4febdf5bb4988426d4573b8d6fd0cc83440d330eb34f1a4e93cb90f181127bd7"
"dist/website/master-package/assets/brand/humanati-official.svg","6795","cd9e55c9bc1676525a5a1a0d67cbebd7c115c02f7d080525b322bad60ba07c2c"
"dist/website/master-package/CHANGELOG.md","207","d64d3ee9d40290da9b84ece5d86225e5f84858fa56fbecf2b4fd0bef2b16f13d"
"dist/website/master-package/components/cta.html","231","068cd789ae99fa7e560b33933981c68bb1f5c2f9a655f27ba565df0cba6ede24"
"dist/website/master-package/components/feature-card.html","158","2f5abe571597d8e054192cf2ec0f5fa0373c51ebcd2bd0ce9bb1b759a70a19aa"
"dist/website/master-package/components/footer.html","179","4418fd4a2864672bb6c4668c6944e6488db5e2940f492c5e697fc943ec0c2a0f"
"dist/website/master-package/components/header.html","419","b0b7e0bd93fadf791c5ebfbf3ec77f1c65c3dc69faeb91067c4e69089220d559"
"dist/website/master-package/components/hero.html","416","1c8dc14a5b568dfdc298cf5e13448d297634357faa3a46d980c320d668924d7d"
"dist/website/master-package/components/kpi-card.html","98","0e5dd4c8e31dd38f7356e81f811e507f3c874765c16092457b4a612cca6cb7c7"
"dist/website/master-package/design-tokens/tokens.css","348","6b810853a256e478c093aab11e7602ef31194880633dba71ecb8efdfc33a8093"
"dist/website/master-package/design-tokens/tokens.json","748","c661abc525549d271ad09c58bef5dd5490f5ae2bc239e7381c96729491b4d0df"
"dist/website/master-package/docs/implementation-notes.md","279","2078c205fd7cde60e695de93aedaf75f713dee843164c4e040cdd433596fdd8f"
"dist/website/master-package/docs/inventory.csv","825","09e22b8c74a286918b5ae981dda874427e37909b717b28c156a0221af6239141"
"dist/website/master-package/docs/manifest.json","2254","0e94d2462a51aa45b2720a679892584966ff9831779b7a4d6d7b3f58fd41bce9"
"dist/website/master-package/legacy-lots/Lote001/Manifesto.docx","36613","aed49b7797aade209a1ebea64962793a267555538191cb8639576c39e38f3b68"
"dist/website/master-package/legacy-lots/Lote001/README.md","44","648cbac097606f5452726017e1ce0782dc4b0333e7ff3e20b4e94312a4e78276"
"dist/website/master-package/legacy-lots/Lote001/website/home/app.js","24","14ffaf3970a8211482b517bea37bc57c646814eeeabe1b6c4778a867e21126bf"
"dist/website/master-package/legacy-lots/Lote001/website/home/assets/logo-humanati.svg","101","03912e9247d770c435e77e1b544abd11975e479be9e7ea5fe700d813d5af2b02"
"dist/website/master-package/legacy-lots/Lote001/website/home/index.html","142","9e56bd1de7310651c9bb1c1154fd1c0f1c21fe3f7dc9c36b0c6f0ef8c0102590"
"dist/website/master-package/legacy-lots/Lote001/website/home/styles.css","53","a6f7a7312f8800730efcad651d4e62677e9495ceaa50c2e05367977846cc2bc8"
"dist/website/master-package/legacy-lots/Lote002/Manifesto.docx","36654","9f515fcfd52ea8d0d0d598a74b4ec1f0dc5f7476b48b9ef701a22b32d7eaeb6c"
"dist/website/master-package/legacy-lots/Lote002/website/components/footer.html","55","c07afdb3f08bcafe321cf6df2d476d2639569ead0452a69b8bc3658a247bfec0"
"dist/website/master-package/legacy-lots/Lote002/website/components/header.html","72","fddf9b856d849a78ffb700faeb066d4f3635d1b93f4a61fce0b4abba7ddbe6b7"
"dist/website/master-package/legacy-lots/Lote002/website/components/hero.html","82","1317d57500c359187ce1205bff3d832ea66f19c78a61c69d7e44ee0c802de21e"
"dist/website/master-package/legacy-lots/Lote002/website/layout/components.css","58","f17e66d2846e0e2694fe3764632f717cbbdfb49e08657345a69094df5ba70f78"
"dist/website/master-package/legacy-lots/Lote002/website/layout/theme.css","50","4febdf5bb4988426d4573b8d6fd0cc83440d330eb34f1a4e93cb90f181127bd7"
"dist/website/master-package/legacy-lots/Lote003/Manifesto.docx","36666","8877351e5ffd1efc052ff3d38a97dfd5ea6d3f62834dbceaad56e7f263250bd2"
"dist/website/master-package/legacy-lots/Lote003/website/components/button-primary.html","45","aefcc4981b2357991a4f2e4bc8f1340951820e8df1dbc06a4e539f6e644f5342"
"dist/website/master-package/legacy-lots/Lote003/website/components/card-feature.html","66","a69d4596a0418ca9678b79881d31f5f55ee463bee2ca07226f124bf942247de4"
"dist/website/master-package/legacy-lots/Lote003/website/components/navbar.html","66","b2f6dcf7d02d443747c5b8b8ae0d2dfbcd419b7442fc717ee82d30d4478cf789"
"dist/website/master-package/legacy-lots/Lote003/website/pages/home-sections.md","54","9afab3bcda904582c688191f35b32901bfd973fcfeb7ba92d2b34d7da5ceb604"
"dist/website/master-package/legacy-lots/Lote003/website/pages/routes.json","39","ead60f4e6ecec509d47109ac84cd9a40e88c02767f447b54aa78cc05353f9d9a"
"dist/website/master-package/legacy-lots/Lote004/Manifesto.docx","36664","9255f8767f58cddd0016e07cdc311bcdb260f09185926e139890072fe050a145"
"dist/website/master-package/legacy-lots/Lote004/website/components/breadcrumb.html","47","a78cff3be46bf44dbb42bf82080e3b08bfb5336be1bc0b0152df546f31a2ec00"
"dist/website/master-package/legacy-lots/Lote004/website/components/sidebar.html","93","158f692289cf00d0d6960973ef4b032c007fc1c7b417e10b80cc51012907f72f"
"dist/website/master-package/legacy-lots/Lote004/website/components/stat-card.html","62","9b266a589c13c2c4e9a931e61ab7fe4facf4cf241f33d7847608e91b00b4088d"
"dist/website/master-package/legacy-lots/Lote004/website/components/topbar.html","63","a8b182375a82023d1032f18965a56ef32a15f79f98c01f723f506e8b061ed75b"
"dist/website/master-package/legacy-lots/Lote004/website/pages/dashboard.html","67","5471190468154f715934cb2d28c6c335953425f59040f9c255d4c0ad373d880e"
"dist/website/master-package/legacy-lots/Lote004/website/styles/dashboard.css","84","6ac68c6e00a098832822daf98a7ef84a253507de5105f76b5cc6cc26c8326b8e"
"dist/website/master-package/legacy-lots/Lote005/Manifesto.docx","36646","e95b17a33288225e476fd0727f38ad7260cd19c6b302c8da45ca9d756fc9e351"
"dist/website/master-package/legacy-lots/Lote005/website/components/modal.html","63","945c2e97a49f2e6c88938792a1263763bc889b22562fbe959b7169bbca457569"
"dist/website/master-package/legacy-lots/Lote005/website/components/pagination.html","80","3929575376ed374d117387d322d40400d84096a60961fdc22aa9dca2d128e0e3"
"dist/website/master-package/legacy-lots/Lote005/website/components/table.html","69","ebd4f3b699c73401bce72c6b284c87d210e18aff8493e6fab9324db3d2183b7d"
"dist/website/master-package/legacy-lots/Lote005/website/components/toast.html","38","b07d2b06333641838baca85e281203dfca7112c3cc8224892b8fb5ccfd51ceff"
"dist/website/master-package/legacy-lots/Lote005/website/pages/components.md","54","a1c8ffe836cbb0f348cd2ef0986a656b5eaebeec821d44400b3b46ead5e97028"
"dist/website/master-package/legacy-lots/Lote005/website/styles/components-extra.css","79","3b85151c0962075ae47b5382d1ec00406e282442b0e19d8057161a88538fe20b"
"dist/website/master-package/legacy-lots/Lote006/Manifesto.docx","36658","9bb3db49d792ae550ec71de6658206ee307a5bc981b0acaaffd4115237b75f3b"
"dist/website/master-package/legacy-lots/Lote006/website/components/alert.html","38","b2fda1e4ff14afde770da995e04567fff0871ebe9d9eee09b68cc08218291ee6"
"dist/website/master-package/legacy-lots/Lote006/website/components/form-contact.html","60","7e2dccdc6bfd8fb5979874fe58c0f7bf6795a68aa0a91ceffbc57c4562432b6f"
"dist/website/master-package/legacy-lots/Lote006/website/components/form-login.html","79","762323dc84a2005c3334dd00e79e347e38d5df47d1f3c5e86534e98f131fda6c"
"dist/website/master-package/legacy-lots/Lote006/website/components/spinner.html","27","90408454f7438f9ccf4f6f03e45db2d50def24ff5c4f377eb79b3ca68d4740d5"
"dist/website/master-package/legacy-lots/Lote006/website/pages/login.html","55","2c855a7b5c32171a376baf6c91500522ebffc12d0e395dc850f6e38379d47aea"
"dist/website/master-package/legacy-lots/Lote006/website/styles/forms.css","72","3493ccf79e8e2f328c00639d6302c5319fa8eda62d6b2d6dcc9d1feef20b7433"
"dist/website/master-package/pages/about.html","1404","cc580a71e790f4f4f93fe5698b3be44ff9986c08b57690a1471540cd69a8b0e9"
"dist/website/master-package/pages/careers.html","1408","a5c40e413eaebfd82dde079953f53c5e07eb53d328631de737bf59c2626a795e"
"dist/website/master-package/pages/cases.html","1412","ef3bd16ff94e481ec181ca95fa3f4b67db60281426c52a02c9a6c7e9e41d5de6"
"dist/website/master-package/pages/contact.html","1412","124525925a8860a2f644aa755ff08957357e65d716d530f04adaf67f833ad97e"
"dist/website/master-package/pages/dashboard.html","1086","064eddfe81a0efd6fa195f1e1dc644f913454526f56eeda20b254562a230f551"
"dist/website/master-package/pages/demo.html","1437","f3920ac08d579a57a3c417954847b00ccf610b9f30546da371530c108c0ce3a5"
"dist/website/master-package/pages/faq.html","1453","e7a4e4f779eec61066cf3c7b9b9ea1cba48800b1c186d98b34caeb715d6af69c"
"dist/website/master-package/pages/index.html","5864","10236145185e8d8b5ff5dc6cc6fb89237b73b8e34fb3582732b3c5144f55dea4"
"dist/website/master-package/pages/login.html","1386","16b660a6545253f45f4848c4f6d8942a39e374c456c35c35738f6db1de539d48"
"dist/website/master-package/pages/monihook.html","3667","34fce9b837d55b578a69f2c32915d76126636d43f6b6125a09601bad020a07f4"
"dist/website/master-package/pages/platform.html","1609","bb53970ef1a9af8d2ba2a92a0a6e18825c368702bf9d3510f2f202729fc16ce0"
"dist/website/master-package/pages/pricing.html","1419","6ca8e66cf9f956360e7bbe2f43790b34ec8a7e72c9b2d69bd98cd938ce030863"
"dist/website/master-package/pages/privacy.html","1332","f43cfa349b92a9f7999a7de98caca7115de8152831144a5d7b90f41521ff42a3"
"dist/website/master-package/pages/resources.html","1388","162b6f5e97850cbbebef95fc84ccc09af54896f39a3aa99cf73a7b4c17a1d823"
"dist/website/master-package/pages/vane.html","3261","a43befee5d4802a0d28bd43d62b179a9ad767d16a5fa280005e9b78b0925f1cd"
"dist/website/master-package/pages/wic.html","3229","fec50a7247ab9c1283a138ff6bf3a19ffaddeda62b5a715ded0611fe8327a551"
"dist/website/master-package/README.md","338","0a7837296877227f4ec7019e73016b882ccc3fce605c4b7f2ac892a9315538c7"
"dist/website/master-package/scripts/dashboard.js","135","1036a0af84178998f00f7250a3c255555d3933948011f3938c0435ba44ea9756"
"dist/website/master-package/scripts/main.js","229","71db03adfdfd8eecad49f7efc7b5590a1be4d1f396628c8c3db2d998ba5b9ab4"
"dist/website/master-package/styles/base.css","7737","02b660b235d2c86327384247b386086f12663f45695dde9865b0842f6588180a"
"dist/website/master-package/styles/components.css","872","0f4cecc56798f8b4c1cad8b381d67efddbaac0a48459d7686bbd4658b3afc8ac"
"dist/website/master-package/styles/reset.css","180","89b6f52587b737dbf9514f71ee1ca0b41f304080d141d2c56753c0ba757df62f"
"dist/website/pages/components.md","54","a1c8ffe836cbb0f348cd2ef0986a656b5eaebeec821d44400b3b46ead5e97028"
"dist/website/pages/dashboard.html","67","5471190468154f715934cb2d28c6c335953425f59040f9c255d4c0ad373d880e"
"dist/website/pages/home-sections.md","54","9afab3bcda904582c688191f35b32901bfd973fcfeb7ba92d2b34d7da5ceb604"
"dist/website/pages/login.html","55","2c855a7b5c32171a376baf6c91500522ebffc12d0e395dc850f6e38379d47aea"
"dist/website/pages/routes.json","39","ead60f4e6ecec509d47109ac84cd9a40e88c02767f447b54aa78cc05353f9d9a"
"dist/website/styles/components-extra.css","79","3b85151c0962075ae47b5382d1ec00406e282442b0e19d8057161a88538fe20b"
"dist/website/styles/dashboard.css","84","6ac68c6e00a098832822daf98a7ef84a253507de5105f76b5cc6cc26c8326b8e"
"dist/website/styles/forms.css","72","3493ccf79e8e2f328c00639d6302c5319fa8eda62d6b2d6dcc9d1feef20b7433"
"Dockerfile","436","850c0dad41bbd583b20adb0717f7302331d67cbf46bb50b959e48d405c9a142f"
"documentation/adr/0001-recovered-baseline.md","790","8907ae1a0a40f2a0652e2c3f0bf026a32f0ad9791aa91cec850a4efdf3e8b156"
"documentation/ARCHITECTURE.md","1696","31894c5da93d6966fa6617d9ba4dbde999959dd91840c93402791002c101f120"
"documentation/BRAND_MANUAL.md","1796","4ec73c3735a996eacde893c5e05aec10bfdc323acbee277e5cf2c5805c68dc23"
"documentation/COMPLETION_REPORT.md","1497","102fce53888d445cdd49ceb746e5e918c9073ddf4b4b4f3a0e16076441cda334"
"documentation/DESIGN_SYSTEM_GOVERNANCE.md","1360","7b9f78d3bd5ab46d8e1d616f237fc0e37048b76d624bdce86f966a64f5da026b"
"documentation/DEVELOPMENT_GUIDE.md","1608","6529f11ec6eb5dfbac85701aaedea4c54c8b0ba3ef920711d5f2852d7b04732a"
"documentation/GIT_COMMIT_PLAN.md","1400","7080b7d55e54618a4d60e3763a7d2214e0fdd9e0522b3976980d3619e640be24"
"documentation/RECOVERY_STATUS.md","3244","7972859aa6499fb7cf6550fac5a7a40f8a9e81472311eba1664058053b74ce44"
"documentation/RELEASE_PROCESS.md","1030","fef7701aa093b103b9e399ac9e8bc6793a85033936b3428ed9204dbb157fd627"
"documentation/source/Manifesto-lote001.docx","36613","aed49b7797aade209a1ebea64962793a267555538191cb8639576c39e38f3b68"
"documentation/source/Manifesto-lote002.docx","36654","9f515fcfd52ea8d0d0d598a74b4ec1f0dc5f7476b48b9ef701a22b32d7eaeb6c"
"documentation/source/Manifesto-lote003.docx","36666","8877351e5ffd1efc052ff3d38a97dfd5ea6d3f62834dbceaad56e7f263250bd2"
"documentation/source/Manifesto-lote004.docx","36664","9255f8767f58cddd0016e07cdc311bcdb260f09185926e139890072fe050a145"
"documentation/source/Manifesto-lote005.docx","36646","e95b17a33288225e476fd0727f38ad7260cd19c6b302c8da45ca9d756fc9e351"
"documentation/source/Manifesto-lote006.docx","36658","9bb3db49d792ae550ec71de6658206ee307a5bc981b0acaaffd4115237b75f3b"
"documentation/SUPPLEMENTAL_SOURCE_AUDIT.md","1117","ac3e58ba7fc206b8c4db41fab7a5d9325d1ab8efd263598650bf3417880aecfb"
"glass-ui/glass.css","1092","10a3cd537c7205797f02648b37536e1d51859af1a66cdb37b54a521b351da38c"
"glass-ui/index.html","913","8e1ad0a90e1bca6471f93bb99e41c93f26d0e0af82b3f2b384d4b3af586dce02"
"icons/README.md","316","bfe1fb610927bd1973d66adbc3b38da98a81236c371d0f19b0b6109f10f79b5c"
"icons/sprite.svg","1371","7822c1c6c9afd510f4888f3c15683505c5995f5f9558401a09e2a6e91b64b4c6"
"marketing/ads/google-ads.csv","828","55bc2d1d08903bed1946316ee1682ef8da4fa85e873815939b15b251d14a4fb2"
"marketing/ads/linkedin-ads.csv","651","a0c85e93c8c7337cf9deb12f82f9e14a8f19cf02253e5ac6217a8c2da7ec37f0"
"marketing/ads/meta-ads.csv","677","4f19e7ac075547509ac7216e6e7ea333ba6c0aba8e642fe6912f043fafb1fac7"
"marketing/campaign-matrix.csv","730","2a9e30ff57c15f85b113472291744d8805945a5ccfd3dfcc9bf235d5713941ae"
"marketing/campaigns/campaign-assets.csv","5666","81a8b51994e88d47b6945a5a50d56a37ceb40f66dffb2e476d3e8821a38a8453"
"marketing/campaigns/humanati/docs/README.md","364","27278492128c0d30e0d4228bb7306006c1a3592865cd173d62365cf97a8e30ca"
"marketing/campaigns/humanati/exports/humanati-display-1200x628.png","509587","d602ada34d1671d22a99209cd6bf5c386f812b32da79576007a987ec47aeebf0"
"marketing/campaigns/humanati/exports/humanati-feed-1080x1080.png","657409","65384024ec6424c8072b239e9d95f311de5a34e5f4213f380f8dc1fa2e471843"
"marketing/campaigns/humanati/exports/humanati-linkedin-1200x627.png","509447","a707b1c4fffebc0bb4210315241af6f3c75a960dbcf07dd4336bc83dc3b79b67"
"marketing/campaigns/humanati/exports/humanati-story-1080x1920.png","815913","ef7767653ee3f2e5147f5556839e3546e132ff8d0e4fdfe075fcbac1159edfe3"
"marketing/campaigns/humanati/source/humanati-display-1200x628.svg","1562","ac3567397c2803640c13b2fd2391e0ca91f7057d1ff34213fd44d2a94e48d02e"
"marketing/campaigns/humanati/source/humanati-feed-1080x1080.svg","1566","9b5e542dd9795216807e32dd80922b2ce4e39fe5716cc5e80a779055877002e4"
"marketing/campaigns/humanati/source/humanati-linkedin-1200x627.svg","1562","5b4a622688826bd09722668586b1f7b5cdd74f4f0e05e922414231ce3a4fa511"
"marketing/campaigns/humanati/source/humanati-story-1080x1920.svg","1599","e6323da49af29807ceb45f6ca08065f5e091d4174da107b80d78a7700505e0cc"
"marketing/campaigns/monihook/docs/README.md","348","c8ecf918273bcf4667871ac8b0c9085515605821659688aa97f0d69b7014f864"
"marketing/campaigns/monihook/exports/monihook-display-1200x628.png","510628","7bb0ef57164123ede635c7f0bbd85f8c6318d1477932ac26233f30b6b600d4f3"
"marketing/campaigns/monihook/exports/monihook-feed-1080x1080.png","646756","43e2c7a4c8de3d4c5fda82de1c27f44ef14d32693f0b02010daa0a58671ef8c2"
"marketing/campaigns/monihook/exports/monihook-linkedin-1200x627.png","510454","8d8de78695e1b8f8f1b6f2d9006960c542fea6fa1b1626daf0e2e5013f68a5f2"
"marketing/campaigns/monihook/exports/monihook-story-1080x1920.png","801089","60c9f5843894568ce6e24a6e8206bcaef9465d401dbd7fd9492e7df3988da0cc"
"marketing/campaigns/monihook/source/monihook-display-1200x628.svg","1555","7c2ecaa66550b4d8d0e4c56873273d8854fb79952ddece4443cd3a995526619f"
"marketing/campaigns/monihook/source/monihook-feed-1080x1080.svg","1559","b0a289eb880338d215433b532638025c0fd3f4dcef4204e55e3db529abaf3d49"
"marketing/campaigns/monihook/source/monihook-linkedin-1200x627.svg","1555","9ef939d59e7c352644ad898a35d1e30e3e109755234eddfaf28a04a913024ba2"
"marketing/campaigns/monihook/source/monihook-story-1080x1920.svg","1591","8c2be19d578ff44cd70d6b579dd0e4af1df9061cde0426d5989edf8af9f9a883"
"marketing/campaigns/README.md","385","3d2e88313ef594d98b49f486db93abf662d77867841a3eea149b6e7dfabe9728"
"marketing/campaigns/shared/assets/humanati-data-flow-hero-v1.png","1515969","f8dbf097efa408bb1c7f4644be35278c5403d4391b941d713097d24943b897cb"
"marketing/campaigns/vane/docs/README.md","352","cd1311f9dfc4ee71ba14b35843653aac8a7b0174c20272f7b239260c528b56f1"
"marketing/campaigns/vane/exports/vane-display-1200x628.png","569449","3580142234fb9b83b9af62a73aac4a9998d446a9f7c7fd69396d537e263e21de"
"marketing/campaigns/vane/exports/vane-feed-1080x1080.png","700059","4c55422680aae033f1bbcf9d4aadb98739f7a2ad5c4b1c1c0617a3f5258ebc34"
"marketing/campaigns/vane/exports/vane-linkedin-1200x627.png","569131","06f69855e327b7ad8893994d8ba49d8986d637a063602be6405f20fefa07f8aa"
"marketing/campaigns/vane/exports/vane-story-1080x1920.png","841654","d6e51ae41939b4a9b11eef71e3c54959e2fc4235eb7797404aabce56b9925f25"
"marketing/campaigns/vane/source/vane-display-1200x628.svg","1548","a2f4808506ef062b98272e3b3af207d212b5c300e8454d6f6577aea0a5e74b3f"
"marketing/campaigns/vane/source/vane-feed-1080x1080.svg","1552","c0af5b5143195bcfed792de00fa3633844456c7232fc3885bf0c2070a8545c38"
"marketing/campaigns/vane/source/vane-linkedin-1200x627.svg","1548","6a307f163ff4d41dcd1050154d557de67fd2e6ff9eb8dadd38d3460b30cb5887"
"marketing/campaigns/vane/source/vane-story-1080x1920.svg","1614","3dd4cfa01d38320960ae6d4308ab4efdcf6b8a0a8e8adfee4597652df355deab"
"marketing/campaigns/wic/docs/README.md","365","69bd72d8ff440f2136f9d62b023970c46477e6805758edd3c78bbdedd16f732f"
"marketing/campaigns/wic/exports/wic-display-1200x628.png","534534","f9e341089e3d18e22b641412dea31b4e0181c8a343330555fd9a618bbe984c9c"
"marketing/campaigns/wic/exports/wic-feed-1080x1080.png","676537","47ae0ec4d041898af2277e7b24d7d11d950928090c8e0a14bf8c0b9253d833d1"
"marketing/campaigns/wic/exports/wic-linkedin-1200x627.png","534127","0ef6c9a70a508608d993b8e4ee9d7d169305db3e4827c445d7177ebdbd748a28"
"marketing/campaigns/wic/exports/wic-story-1080x1920.png","832946","08c6681801b349f4e347ea04d0c6de600f8765dd81a426231d614117edbfb18d"
"marketing/campaigns/wic/source/wic-display-1200x628.svg","1603","77f901df9432d96acbdbe576db0caf36db928e4b75e51de095d38c2564fb3ff6"
"marketing/campaigns/wic/source/wic-feed-1080x1080.svg","1607","4d30f8891c3bff7b814739b83e509a3be8a37b6c7e7b5cac74189b77a4888572"
"marketing/campaigns/wic/source/wic-linkedin-1200x627.svg","1603","82ca5411a96c4303a150769bedae4d51364c18fce2f95fb3eef45464d409f68c"
"marketing/campaigns/wic/source/wic-story-1080x1920.svg","1669","4218228dcf575033dc6a42c8f9a1c3fd4094a75c02c7c21a8d7ab30a6885c27b"
"marketing/presentations/Humanati_Institucional_v1.pptx","26469","1143f357f54e3cb3db52efff33286f27841f731bfb1fb8f92b67ea093b951b1e"
"marketing/presentations/Humanati_Institucional_v1.pptx.inspect.ndjson","10352","5b43590f599474decd05d5f503c1839da6e4a9f80fff335eedcacccc9c3c7e18"
"marketing/strategy.md","2634","e701a1d6d1fee9b9d4339911668075fd9aaf6cbd78fa3863014f4886929e3be6"
"package.json","533","f648d73ca3725543ab220ea92beb977fa4dde7fdd0cf6946811488c1ed8997f4"
"README.md","2016","af2a361e4d194d3de473698e7a6bbfc201667720b008d247364e1d35b90f03f1"
"scripts/build.mjs","1307","e62be55d86789586e213b3a9c7ed5d3ba72136d773d8d0a98813734e319da988"
"scripts/build-artifact-gallery.mjs","4405","6b60ffb0a8e94bc67155e2d02ff44a4f28e7f62395d56363377fc249af48a8d3"
"scripts/generate-campaign-kit.py","10578","2b2a4269e21c93fc6008e13803e1e8142c07feb1d5835129d1962842b906ebc4"
"scripts/generate-product-brand-assets.py","13461","b9fc9f3f023d4cddafbdf18b1e68bfa4777dc3822a03da34a01578ae2c42967b"
"scripts/serve.mjs","1270","ef221750dc32511c6407b30a95bc3f9e947612dc1202a5a417a8b1a3faa031c3"
"scripts/validate.mjs","1732","94d253031ff87dcc52b63c396a964ccbfd54b98f9f16614c1f75435766b292a3"
"SECURITY.md","795","9915e9267e90a5edeb530b04e0d4ee5d45f2053747a34553f4be8c2c755e59b3"
"social-media/content-calendar.csv","915","b64c5cc2d09050d50a832aa5d894fda92f9ca7aba49522e7d7c967eb3159b893"
"social-media/copy-bank.md","993","44e5a912272505e5f02ffa72221e60614b65c29330dd857105860bb81b7f7031"
"social-media/templates/feed-1080x1080.svg","1010","ecec5f8f421cbf8e4476106375c301179a481a9f002ea9e38ef6b3d2c8214bf8"
"social-media/templates/linkedin-1200x627.svg","733","67954fa1dfdec42da1450d2bac417a70bb77004cc08f29155ca0b44d7776dae5"
"social-media/templates/story-1080x1920.svg","1027","99ed5df762a61d3de96dbc95f95ac446f9bba9aa6ccac9768b5cb24e19033b50"
"stories/design-system.stories.js","518","f650bca00c79fecbd34779ab9e00bd6746a6867f41eed7f5876407a78e834063"
"stories/storybook-preview.css","369","b2b1ee477c77218cccfd20eaab46c5066fbe1f52e82b87d53a3e81ae9ad0f7f8"
"tests/repository.test.mjs","3026","f9ba620f56417559e689e50a139a6857de9984beac64db26ad122704687f535d"
"ui-kit/index.html","2007","ffde0803360b4b71c8e597560fde2458b36b03f7d6a1746162b8a68544baa394"
"ui-kit/tokens.css","325","1774cbba010667575689109d1c68208d9a83effd69227ed802f7810e6c376ccf"
"ui-kit/ui-kit.css","3023","d6c9fe294872f717918403a63fb9a03b3c32ae218666ede1a42c4fb31b2dfdef"
"website/components/alert.html","38","b2fda1e4ff14afde770da995e04567fff0871ebe9d9eee09b68cc08218291ee6"
"website/components/breadcrumb.html","47","a78cff3be46bf44dbb42bf82080e3b08bfb5336be1bc0b0152df546f31a2ec00"
"website/components/button-primary.html","45","aefcc4981b2357991a4f2e4bc8f1340951820e8df1dbc06a4e539f6e644f5342"
"website/components/card-feature.html","66","a69d4596a0418ca9678b79881d31f5f55ee463bee2ca07226f124bf942247de4"
"website/components/footer.html","55","c07afdb3f08bcafe321cf6df2d476d2639569ead0452a69b8bc3658a247bfec0"
"website/components/form-contact.html","60","7e2dccdc6bfd8fb5979874fe58c0f7bf6795a68aa0a91ceffbc57c4562432b6f"
"website/components/form-login.html","79","762323dc84a2005c3334dd00e79e347e38d5df47d1f3c5e86534e98f131fda6c"
"website/components/header.html","72","fddf9b856d849a78ffb700faeb066d4f3635d1b93f4a61fce0b4abba7ddbe6b7"
"website/components/hero.html","82","1317d57500c359187ce1205bff3d832ea66f19c78a61c69d7e44ee0c802de21e"
"website/components/modal.html","63","945c2e97a49f2e6c88938792a1263763bc889b22562fbe959b7169bbca457569"
"website/components/navbar.html","66","b2f6dcf7d02d443747c5b8b8ae0d2dfbcd419b7442fc717ee82d30d4478cf789"
"website/components/pagination.html","80","3929575376ed374d117387d322d40400d84096a60961fdc22aa9dca2d128e0e3"
"website/components/sidebar.html","93","158f692289cf00d0d6960973ef4b032c007fc1c7b417e10b80cc51012907f72f"
"website/components/spinner.html","27","90408454f7438f9ccf4f6f03e45db2d50def24ff5c4f377eb79b3ca68d4740d5"
"website/components/stat-card.html","62","9b266a589c13c2c4e9a931e61ab7fe4facf4cf241f33d7847608e91b00b4088d"
"website/components/table.html","69","ebd4f3b699c73401bce72c6b284c87d210e18aff8493e6fab9324db3d2183b7d"
"website/components/toast.html","38","b07d2b06333641838baca85e281203dfca7112c3cc8224892b8fb5ccfd51ceff"
"website/components/topbar.html","63","a8b182375a82023d1032f18965a56ef32a15f79f98c01f723f506e8b061ed75b"
"website/home/app.js","24","14ffaf3970a8211482b517bea37bc57c646814eeeabe1b6c4778a867e21126bf"
"website/home/assets/logo-humanati.svg","101","03912e9247d770c435e77e1b544abd11975e479be9e7ea5fe700d813d5af2b02"
"website/home/index.html","142","9e56bd1de7310651c9bb1c1154fd1c0f1c21fe3f7dc9c36b0c6f0ef8c0102590"
"website/home/styles.css","53","a6f7a7312f8800730efcad651d4e62677e9495ceaa50c2e05367977846cc2bc8"
"website/layout/components.css","58","f17e66d2846e0e2694fe3764632f717cbbdfb49e08657345a69094df5ba70f78"
"website/layout/theme.css","50","4febdf5bb4988426d4573b8d6fd0cc83440d330eb34f1a4e93cb90f181127bd7"
"website/master-package/assets/brand/humanati-official.svg","6795","cd9e55c9bc1676525a5a1a0d67cbebd7c115c02f7d080525b322bad60ba07c2c"
"website/master-package/CHANGELOG.md","207","d64d3ee9d40290da9b84ece5d86225e5f84858fa56fbecf2b4fd0bef2b16f13d"
"website/master-package/components/cta.html","231","068cd789ae99fa7e560b33933981c68bb1f5c2f9a655f27ba565df0cba6ede24"
"website/master-package/components/feature-card.html","158","2f5abe571597d8e054192cf2ec0f5fa0373c51ebcd2bd0ce9bb1b759a70a19aa"
"website/master-package/components/footer.html","179","4418fd4a2864672bb6c4668c6944e6488db5e2940f492c5e697fc943ec0c2a0f"
"website/master-package/components/header.html","419","b0b7e0bd93fadf791c5ebfbf3ec77f1c65c3dc69faeb91067c4e69089220d559"
"website/master-package/components/hero.html","416","1c8dc14a5b568dfdc298cf5e13448d297634357faa3a46d980c320d668924d7d"
"website/master-package/components/kpi-card.html","98","0e5dd4c8e31dd38f7356e81f811e507f3c874765c16092457b4a612cca6cb7c7"
"website/master-package/design-tokens/tokens.css","348","6b810853a256e478c093aab11e7602ef31194880633dba71ecb8efdfc33a8093"
"website/master-package/design-tokens/tokens.json","748","c661abc525549d271ad09c58bef5dd5490f5ae2bc239e7381c96729491b4d0df"
"website/master-package/docs/implementation-notes.md","279","2078c205fd7cde60e695de93aedaf75f713dee843164c4e040cdd433596fdd8f"
"website/master-package/docs/inventory.csv","825","09e22b8c74a286918b5ae981dda874427e37909b717b28c156a0221af6239141"
"website/master-package/docs/manifest.json","2254","0e94d2462a51aa45b2720a679892584966ff9831779b7a4d6d7b3f58fd41bce9"
"website/master-package/legacy-lots/Lote001/Manifesto.docx","36613","aed49b7797aade209a1ebea64962793a267555538191cb8639576c39e38f3b68"
"website/master-package/legacy-lots/Lote001/README.md","44","648cbac097606f5452726017e1ce0782dc4b0333e7ff3e20b4e94312a4e78276"
"website/master-package/legacy-lots/Lote001/website/home/app.js","24","14ffaf3970a8211482b517bea37bc57c646814eeeabe1b6c4778a867e21126bf"
"website/master-package/legacy-lots/Lote001/website/home/assets/logo-humanati.svg","101","03912e9247d770c435e77e1b544abd11975e479be9e7ea5fe700d813d5af2b02"
"website/master-package/legacy-lots/Lote001/website/home/index.html","142","9e56bd1de7310651c9bb1c1154fd1c0f1c21fe3f7dc9c36b0c6f0ef8c0102590"
"website/master-package/legacy-lots/Lote001/website/home/styles.css","53","a6f7a7312f8800730efcad651d4e62677e9495ceaa50c2e05367977846cc2bc8"
"website/master-package/legacy-lots/Lote002/Manifesto.docx","36654","9f515fcfd52ea8d0d0d598a74b4ec1f0dc5f7476b48b9ef701a22b32d7eaeb6c"
"website/master-package/legacy-lots/Lote002/website/components/footer.html","55","c07afdb3f08bcafe321cf6df2d476d2639569ead0452a69b8bc3658a247bfec0"
"website/master-package/legacy-lots/Lote002/website/components/header.html","72","fddf9b856d849a78ffb700faeb066d4f3635d1b93f4a61fce0b4abba7ddbe6b7"
"website/master-package/legacy-lots/Lote002/website/components/hero.html","82","1317d57500c359187ce1205bff3d832ea66f19c78a61c69d7e44ee0c802de21e"
"website/master-package/legacy-lots/Lote002/website/layout/components.css","58","f17e66d2846e0e2694fe3764632f717cbbdfb49e08657345a69094df5ba70f78"
"website/master-package/legacy-lots/Lote002/website/layout/theme.css","50","4febdf5bb4988426d4573b8d6fd0cc83440d330eb34f1a4e93cb90f181127bd7"
"website/master-package/legacy-lots/Lote003/Manifesto.docx","36666","8877351e5ffd1efc052ff3d38a97dfd5ea6d3f62834dbceaad56e7f263250bd2"
"website/master-package/legacy-lots/Lote003/website/components/button-primary.html","45","aefcc4981b2357991a4f2e4bc8f1340951820e8df1dbc06a4e539f6e644f5342"
"website/master-package/legacy-lots/Lote003/website/components/card-feature.html","66","a69d4596a0418ca9678b79881d31f5f55ee463bee2ca07226f124bf942247de4"
"website/master-package/legacy-lots/Lote003/website/components/navbar.html","66","b2f6dcf7d02d443747c5b8b8ae0d2dfbcd419b7442fc717ee82d30d4478cf789"
"website/master-package/legacy-lots/Lote003/website/pages/home-sections.md","54","9afab3bcda904582c688191f35b32901bfd973fcfeb7ba92d2b34d7da5ceb604"
"website/master-package/legacy-lots/Lote003/website/pages/routes.json","39","ead60f4e6ecec509d47109ac84cd9a40e88c02767f447b54aa78cc05353f9d9a"
"website/master-package/legacy-lots/Lote004/Manifesto.docx","36664","9255f8767f58cddd0016e07cdc311bcdb260f09185926e139890072fe050a145"
"website/master-package/legacy-lots/Lote004/website/components/breadcrumb.html","47","a78cff3be46bf44dbb42bf82080e3b08bfb5336be1bc0b0152df546f31a2ec00"
"website/master-package/legacy-lots/Lote004/website/components/sidebar.html","93","158f692289cf00d0d6960973ef4b032c007fc1c7b417e10b80cc51012907f72f"
"website/master-package/legacy-lots/Lote004/website/components/stat-card.html","62","9b266a589c13c2c4e9a931e61ab7fe4facf4cf241f33d7847608e91b00b4088d"
"website/master-package/legacy-lots/Lote004/website/components/topbar.html","63","a8b182375a82023d1032f18965a56ef32a15f79f98c01f723f506e8b061ed75b"
"website/master-package/legacy-lots/Lote004/website/pages/dashboard.html","67","5471190468154f715934cb2d28c6c335953425f59040f9c255d4c0ad373d880e"
"website/master-package/legacy-lots/Lote004/website/styles/dashboard.css","84","6ac68c6e00a098832822daf98a7ef84a253507de5105f76b5cc6cc26c8326b8e"
"website/master-package/legacy-lots/Lote005/Manifesto.docx","36646","e95b17a33288225e476fd0727f38ad7260cd19c6b302c8da45ca9d756fc9e351"
"website/master-package/legacy-lots/Lote005/website/components/modal.html","63","945c2e97a49f2e6c88938792a1263763bc889b22562fbe959b7169bbca457569"
"website/master-package/legacy-lots/Lote005/website/components/pagination.html","80","3929575376ed374d117387d322d40400d84096a60961fdc22aa9dca2d128e0e3"
"website/master-package/legacy-lots/Lote005/website/components/table.html","69","ebd4f3b699c73401bce72c6b284c87d210e18aff8493e6fab9324db3d2183b7d"
"website/master-package/legacy-lots/Lote005/website/components/toast.html","38","b07d2b06333641838baca85e281203dfca7112c3cc8224892b8fb5ccfd51ceff"
"website/master-package/legacy-lots/Lote005/website/pages/components.md","54","a1c8ffe836cbb0f348cd2ef0986a656b5eaebeec821d44400b3b46ead5e97028"
"website/master-package/legacy-lots/Lote005/website/styles/components-extra.css","79","3b85151c0962075ae47b5382d1ec00406e282442b0e19d8057161a88538fe20b"
"website/master-package/legacy-lots/Lote006/Manifesto.docx","36658","9bb3db49d792ae550ec71de6658206ee307a5bc981b0acaaffd4115237b75f3b"
"website/master-package/legacy-lots/Lote006/website/components/alert.html","38","b2fda1e4ff14afde770da995e04567fff0871ebe9d9eee09b68cc08218291ee6"
"website/master-package/legacy-lots/Lote006/website/components/form-contact.html","60","7e2dccdc6bfd8fb5979874fe58c0f7bf6795a68aa0a91ceffbc57c4562432b6f"
"website/master-package/legacy-lots/Lote006/website/components/form-login.html","79","762323dc84a2005c3334dd00e79e347e38d5df47d1f3c5e86534e98f131fda6c"
"website/master-package/legacy-lots/Lote006/website/components/spinner.html","27","90408454f7438f9ccf4f6f03e45db2d50def24ff5c4f377eb79b3ca68d4740d5"
"website/master-package/legacy-lots/Lote006/website/pages/login.html","55","2c855a7b5c32171a376baf6c91500522ebffc12d0e395dc850f6e38379d47aea"
"website/master-package/legacy-lots/Lote006/website/styles/forms.css","72","3493ccf79e8e2f328c00639d6302c5319fa8eda62d6b2d6dcc9d1feef20b7433"
"website/master-package/pages/about.html","1404","cc580a71e790f4f4f93fe5698b3be44ff9986c08b57690a1471540cd69a8b0e9"
"website/master-package/pages/careers.html","1408","a5c40e413eaebfd82dde079953f53c5e07eb53d328631de737bf59c2626a795e"
"website/master-package/pages/cases.html","1412","ef3bd16ff94e481ec181ca95fa3f4b67db60281426c52a02c9a6c7e9e41d5de6"
"website/master-package/pages/contact.html","1412","124525925a8860a2f644aa755ff08957357e65d716d530f04adaf67f833ad97e"
"website/master-package/pages/dashboard.html","1086","064eddfe81a0efd6fa195f1e1dc644f913454526f56eeda20b254562a230f551"
"website/master-package/pages/demo.html","1437","f3920ac08d579a57a3c417954847b00ccf610b9f30546da371530c108c0ce3a5"
"website/master-package/pages/faq.html","1453","e7a4e4f779eec61066cf3c7b9b9ea1cba48800b1c186d98b34caeb715d6af69c"
"website/master-package/pages/index.html","5864","10236145185e8d8b5ff5dc6cc6fb89237b73b8e34fb3582732b3c5144f55dea4"
"website/master-package/pages/login.html","1386","16b660a6545253f45f4848c4f6d8942a39e374c456c35c35738f6db1de539d48"
"website/master-package/pages/monihook.html","3656","ff33e75feaffe470000f2a37ead5aaa9b1cb290ddc087a82602b6c6ef10bd422"
"website/master-package/pages/platform.html","1609","bb53970ef1a9af8d2ba2a92a0a6e18825c368702bf9d3510f2f202729fc16ce0"
"website/master-package/pages/pricing.html","1419","6ca8e66cf9f956360e7bbe2f43790b34ec8a7e72c9b2d69bd98cd938ce030863"
"website/master-package/pages/privacy.html","1332","f43cfa349b92a9f7999a7de98caca7115de8152831144a5d7b90f41521ff42a3"
"website/master-package/pages/resources.html","1388","162b6f5e97850cbbebef95fc84ccc09af54896f39a3aa99cf73a7b4c17a1d823"
"website/master-package/pages/vane.html","3250","b25fc8a6e817edf7f8480977efa4db351bc8ec4ac79059706b8a629427f8a7b1"
"website/master-package/pages/wic.html","3218","0ef0a39f8aa25298efdf2b90795d45f584f2cc97c6519cedc6f63065dc000253"
"website/master-package/README.md","338","0a7837296877227f4ec7019e73016b882ccc3fce605c4b7f2ac892a9315538c7"
"website/master-package/scripts/dashboard.js","135","1036a0af84178998f00f7250a3c255555d3933948011f3938c0435ba44ea9756"
"website/master-package/scripts/main.js","229","71db03adfdfd8eecad49f7efc7b5590a1be4d1f396628c8c3db2d998ba5b9ab4"
"website/master-package/styles/base.css","7737","02b660b235d2c86327384247b386086f12663f45695dde9865b0842f6588180a"
"website/master-package/styles/components.css","872","0f4cecc56798f8b4c1cad8b381d67efddbaac0a48459d7686bbd4658b3afc8ac"
"website/master-package/styles/reset.css","180","89b6f52587b737dbf9514f71ee1ca0b41f304080d141d2c56753c0ba757df62f"
"website/pages/components.md","54","a1c8ffe836cbb0f348cd2ef0986a656b5eaebeec821d44400b3b46ead5e97028"
"website/pages/dashboard.html","67","5471190468154f715934cb2d28c6c335953425f59040f9c255d4c0ad373d880e"
"website/pages/home-sections.md","54","9afab3bcda904582c688191f35b32901bfd973fcfeb7ba92d2b34d7da5ceb604"
"website/pages/login.html","55","2c855a7b5c32171a376baf6c91500522ebffc12d0e395dc850f6e38379d47aea"
"website/pages/routes.json","39","ead60f4e6ecec509d47109ac84cd9a40e88c02767f447b54aa78cc05353f9d9a"
"website/styles/components-extra.css","79","3b85151c0962075ae47b5382d1ec00406e282442b0e19d8057161a88538fe20b"
"website/styles/dashboard.css","84","6ac68c6e00a098832822daf98a7ef84a253507de5105f76b5cc6cc26c8326b8e"
"website/styles/forms.css","72","3493ccf79e8e2f328c00639d6302c5319fa8eda62d6b2d6dcc9d1feef20b7433"
